"","fixed.acidity","volatile.acidity","citric.acid","residual.sugar","chlorides","free.sulfur.dioxide","total.sulfur.dioxide","density","pH","sulphates","alcohol"
"1",8.1,0.28,0.4,6.9,0.05,30,97,0.9951,3.26,0.44,10.1
"2",6.2,0.32,0.16,7,0.045,30,136,0.9949,3.18,0.47,9.6
"3",8.1,0.22,0.43,1.5,0.044,28,129,0.9938,3.22,0.45,11
"4",8.6,0.23,0.4,4.2,0.035,17,109,0.9947,3.14,0.53,9.7
"5",6.6,0.16,0.4,1.5,0.044,48,143,0.9912,3.54,0.52,12.4
"6",8.3,0.42,0.62,19.25,0.04,41,172,1.0002,2.98,0.67,9.7
"7",6.2,0.66,0.48,1.2,0.029,29,75,0.9892,3.33,0.39,12.8
"8",7.3,0.28,0.43,1.7,0.08,21,123,0.9905,3.19,0.42,12.8
"9",6.6,0.24,0.27,1.4,0.057,33,152,0.9934,3.22,0.56,9.5
"10",7.4,0.18,0.31,1.4,0.058,38,167,0.9931,3.16,0.53,10
"11",7.2,0.21,0.34,11.9,0.043,37,213,0.9962,3.09,0.5,9.6
"12",6.8,0.22,0.24,4.9,0.092,30,123,0.9951,3.03,0.46,8.6
"13",6,0.19,0.26,12.4,0.048,50,147,0.9972,3.3,0.36,8.9
"14",7.2,0.24,0.27,1.4,0.038,31,122,0.9927,3.15,0.46,10.3
"15",6.2,0.35,0.03,1.2,0.064,29,120,0.9934,3.22,0.54,9.1
"16",6.4,0.26,0.24,6.4,0.04,27,124,0.9903,3.22,0.49,12.6
"17",7.4,0.24,0.29,10.1,0.05,21,105,0.9962,3.13,0.35,9.5
"18",6.8,0.3,0.23,4.6,0.061,50.5,238.5,0.9958,3.32,0.6,9.5
"19",7.1,0.18,0.36,1.4,0.043,31,87,0.9898,3.26,0.37,12.7
"20",7,0.32,0.34,1.3,0.042,20,69,0.9912,3.31,0.65,12
"21",9.8,0.36,0.46,10.5,0.038,4,83,0.9956,2.89,0.3,10.1
"22",6.9,0.33,0.28,1.3,0.051,37,187,0.9927,3.27,0.6,10.3
"23",6.5,0.17,0.54,8.5,0.082,64,163,0.9959,2.89,0.39,8.8
"24",7.2,0.27,0.46,18.75,0.052,45,255,1,3.04,0.52,8.9
"25",6.7,0.41,0.34,9.2,0.049,29,150,0.9968,3.22,0.51,9.1
"26",5.5,0.485,0,1.5,0.065,8,103,0.994,3.63,0.4,9.7
"27",7.2,0.31,0.5,13.3,0.056,68,195,0.9982,3.01,0.47,9.2
"28",6.9,0.19,0.28,5,0.058,14,146,0.9952,3.29,0.36,9.1
"29",6.5,0.24,0.32,7.6,0.038,48,203,0.9958,3.45,0.54,9.7
"30",5.7,0.26,0.25,10.4,0.02,7,57,0.994,3.39,0.37,10.6
"31",8.2,0.23,0.4,1.2,0.027,36,121,0.992,3.12,0.38,10.7
"32",7.1,0.37,0.67,10.5,0.045,49,155,0.9975,3.16,0.44,8.7
"33",6.3,0.255,0.37,1.1,0.04,37,114,0.9905,3,0.39,10.9
"34",7.2,0.18,0.41,1.2,0.048,41,97,0.9919,3.14,0.45,10.4
"35",7.4,0.24,0.42,14,0.066,48,198,0.9979,2.89,0.42,8.9
"36",5.2,0.44,0.04,1.4,0.036,43,119,0.9894,3.36,0.33,12.1
"37",5.2,0.44,0.04,1.4,0.036,43,119,0.9894,3.36,0.33,12.1
"38",7.4,0.24,0.42,14,0.066,48,198,0.9979,2.89,0.42,8.9
"39",6.7,0.24,0.35,13.1,0.05,64,205,0.997,3.15,0.5,9.5
"40",9.8,0.42,0.48,9.85,0.034,5,110,0.9958,2.87,0.29,10
"41",5.9,0.23,0.3,12.9,0.054,57,170,0.9972,3.28,0.39,9.4
"42",6,0.67,0.07,1.2,0.06,9,108,0.9931,3.11,0.35,8.7
"43",6.8,0.26,0.56,11.9,0.043,64,226,0.997,3.02,0.63,9.3
"44",6.8,0.29,0.56,11.9,0.043,66,230,0.9972,3.02,0.63,9.3
"45",6.7,0.24,0.41,9.4,0.04,49,166,0.9954,3.12,0.61,9.9
"46",6.8,0.28,0.4,22,0.048,48,167,1.001,2.93,0.5,8.7
"47",6.8,0.28,0.36,8,0.045,28,123,0.9928,3.02,0.37,11.4
"48",6.4,0.3,0.45,3.5,0.197,76,180,0.9942,3.02,0.39,9.1
"49",6.4,0.29,0.44,3.6,0.197,75,183,0.9942,3.01,0.38,9.1
"50",7.1,0.32,0.24,13.1,0.05,52,204,0.998,3.1,0.49,8.8
"51",6.8,0.26,0.24,7.8,0.052,54,214,0.9961,3.13,0.47,8.9
"52",6.8,0.27,0.26,16.1,0.049,55,196,0.9984,3.15,0.5,9.3
"53",6.9,0.54,0.32,13.2,0.05,53,236,0.9973,3.2,0.5,9.6
"54",7.5,0.27,0.36,7,0.036,45,164,0.9939,3.03,0.33,11
"55",5.7,0.28,0.24,17.5,0.044,60,167,0.9989,3.31,0.44,9.4
"56",7.5,0.23,0.36,7,0.036,43,161,0.9938,3.04,0.32,11
"57",7.5,0.27,0.36,7,0.036,45,164,0.9939,3.03,0.33,11
"58",7.2,0.685,0.21,9.5,0.07,33,172,0.9971,3,0.55,9.1
"59",6.2,0.25,0.25,1.4,0.03,35,105,0.9912,3.3,0.44,11.1
"60",6.4,0.17,0.32,2.4,0.048,41,200,0.9938,3.5,0.5,9.7
"61",6.4,0.17,0.32,2.4,0.048,41,200,0.9938,3.5,0.5,9.7
"62",7.2,0.23,0.38,14.3,0.058,55,194,0.9979,3.09,0.44,9
"63",6.8,0.52,0.32,13.2,0.044,54,221,0.9972,3.27,0.5,9.6
"64",7.7,0.31,0.26,7.8,0.031,23,90,0.9944,3.13,0.5,10.4
"65",5.6,0.19,0.26,1.4,0.03,12,76,0.9905,3.25,0.37,10.9
"66",8.5,0.26,0.21,16.2,0.074,41,197,0.998,3.02,0.5,9.8
"67",5.8,0.24,0.44,3.5,0.029,5,109,0.9913,3.53,0.43,11.7
"68",6.3,0.35,0.3,5.7,0.035,8,97,0.9927,3.27,0.41,11
"69",6.9,0.115,0.35,5.4,0.048,36,108,0.9939,3.32,0.42,10.2
"70",5.8,0.25,0.26,13.1,0.051,44,148,0.9972,3.29,0.38,9.3
"71",7,0.29,0.54,10.7,0.046,59,234,0.9966,3.05,0.61,9.5
"72",7,0.3,0.49,4.7,0.036,17,105,0.9916,3.26,0.68,12.4
"73",7,0.24,0.36,2.8,0.034,22,112,0.99,3.19,0.38,12.6
"74",7.2,0.23,0.39,14.2,0.058,49,192,0.9979,2.98,0.48,9
"75",7.2,0.23,0.39,14.2,0.058,49,192,0.9979,2.98,0.48,9
"76",6.2,0.28,0.22,7.3,0.041,26,157,0.9957,3.44,0.64,9.8
"77",6.3,0.33,0.27,1.2,0.046,34,175,0.9934,3.37,0.54,9.4
"78",6.7,0.17,0.5,2.1,0.043,27,122,0.9923,3.15,0.45,10.3
"79",7.3,0.41,0.24,6.8,0.057,41,163,0.9949,3.2,0.41,9.9
"80",6.2,0.33,0.27,4.9,0.036,30,134,0.9927,3.2,0.42,10.4
"81",5,0.55,0.14,8.3,0.032,35,164,0.9918,3.53,0.51,12.5
"82",5.9,0.3,0.47,7.85,0.03,19,133,0.9933,3.52,0.43,11.5
"83",6.1,0.125,0.25,3.3,0.04,10,69,0.9934,3.54,0.59,10.1
"84",6.8,0.28,0.44,9.3,0.031,35,137,0.9946,3.16,0.36,10.4
"85",6.4,0.32,0.35,4.8,0.03,34,101,0.9912,3.36,0.6,12.5
"86",6.5,0.28,0.34,9.9,0.038,30,133,0.9954,3.11,0.44,9.8
"87",5.6,0.34,0.1,1.3,0.031,20,68,0.9906,3.36,0.51,11.2
"88",6.7,0.19,0.41,15.6,0.056,75,155,0.9995,3.2,0.44,8.8
"89",7.8,0.18,0.46,13.6,0.052,38,118,0.998,3.15,0.5,10
"90",7.3,0.33,0.4,6.85,0.038,32,138,0.992,3.03,0.3,11.9
"91",7.3,0.33,0.4,6.85,0.038,32,138,0.992,3.03,0.3,11.9
"92",7.3,0.22,0.37,14.3,0.063,48,191,0.9978,2.89,0.38,9
"93",6.1,0.36,0.33,1.1,0.05,24,169,0.9927,3.15,0.78,9.5
"94",6.9,0.24,0.34,4.7,0.04,43,161,0.9935,3.2,0.59,10.6
"95",6.4,0.24,0.32,14.9,0.047,54,162,0.9968,3.28,0.5,10.2
"96",7.3,0.22,0.37,14.3,0.063,48,191,0.9978,2.89,0.38,9
"97",6,0.26,0.32,3.5,0.028,29,113,0.9912,3.4,0.71,12.3
"98",7.7,0.29,0.48,2.3,0.049,36,178,0.9931,3.17,0.64,10.6
"99",5.1,0.33,0.22,1.6,0.027,18,89,0.9893,3.51,0.38,12.5
"100",5.7,0.32,0.5,2.6,0.049,17,155,0.9927,3.22,0.64,10
"101",6.3,0.39,0.35,5.9,0.04,82.5,260,0.9941,3.12,0.66,10.1
"102",6.7,0.21,0.32,5.4,0.047,29,140,0.995,3.39,0.46,9.7
"103",8.2,0.28,0.42,1.8,0.031,30,93,0.9917,3.09,0.39,11.4
"104",5.9,0.26,0.27,18.2,0.048,52,168,0.9993,3.35,0.44,9.4
"105",6.3,0.2,0.4,1.5,0.037,35,107,0.9917,3.46,0.5,11.4
"106",6.8,0.37,0.51,11.8,0.044,62,163,0.9976,3.19,0.44,8.8
"107",7.3,0.28,0.36,12.7,0.04,38,140,0.998,3.3,0.79,9.6
"108",7.2,0.19,0.39,1.2,0.036,32,85,0.9918,3.16,0.5,10.5
"109",7.2,0.25,0.39,18.95,0.038,42,155,0.9999,2.97,0.47,9
"110",6.8,0.26,0.22,7.7,0.047,57,210,0.9959,3.1,0.47,9
"111",7,0.21,0.28,8.6,0.045,37,221,0.9954,3.25,0.54,10.4
"112",7,0.21,0.28,8.7,0.045,37,222,0.9954,3.25,0.54,10.4
"113",6.8,0.29,0.5,13.3,0.053,48,194,0.9974,3.09,0.45,9.4
"114",6.8,0.29,0.5,13.3,0.053,48,194,0.9974,3.09,0.45,9.4
"115",7.4,0.155,0.34,2.3,0.045,73.5,214,0.9934,3.18,0.61,9.9
"116",6.9,0.2,0.37,6.2,0.027,24,97,0.992,3.38,0.49,12.2
"117",6.1,0.28,0.32,2.5,0.042,23,218.5,0.9935,3.27,0.6,9.8
"118",6.6,0.16,0.32,1.4,0.035,49,186,0.9906,3.35,0.64,12.4
"119",6.6,0.52,0.44,12.2,0.048,54,245,0.9975,3.26,0.54,9.3
"120",6,0.27,0.27,1.6,0.046,32,113,0.9924,3.41,0.51,10.5
"121",6.4,0.41,0.24,14,0.048,24,113,0.9982,3.44,0.53,9.8
"122",6.8,0.32,0.21,2.2,0.044,15,68,0.9932,3.17,0.39,9.4
"123",7.2,0.29,0.53,18.15,0.047,59,182,0.9992,3.09,0.52,9.6
"124",7.1,0.55,0.13,1.7,0.073,21,165,0.994,2.97,0.58,9.2
"125",6.3,0.22,0.33,1.7,0.041,67,164,0.9928,3.32,0.56,10.4
"126",5.8,0.25,0.24,13.3,0.044,41,137,0.9972,3.34,0.42,9.5
"127",6.2,0.37,0.3,6.6,0.346,79,200,0.9954,3.29,0.58,9.6
"128",7.4,0.29,0.29,1.6,0.045,53,180,0.9936,3.34,0.68,10.5
"129",7.4,0.26,0.31,7.6,0.047,52,177,0.9962,3.13,0.45,8.9
"130",6.8,0.23,0.32,1.6,0.026,43,147,0.9904,3.29,0.54,12.5
"131",5.7,0.335,0.34,1,0.04,13,174,0.992,3.27,0.66,10
"132",6.4,0.3,0.3,2.25,0.038,8,210,0.9937,3.2,0.62,9.9
"133",6,0.24,0.27,1.9,0.048,40,170,0.9938,3.64,0.54,10
"134",7.4,0.36,0.33,1.4,0.025,27,55,0.9915,3.21,0.33,11.2
"135",7.9,0.19,0.26,2.1,0.039,8,143,0.9942,3.05,0.74,9.8
"136",7.4,0.25,0.36,13.2,0.067,53,178,0.9976,3.01,0.48,9
"137",5.5,0.35,0.35,1.1,0.045,14,167,0.992,3.34,0.68,9.9
"138",6.3,0.26,0.24,7.2,0.039,38,172,0.9958,3.49,0.64,9.7
"139",9.2,0.25,0.34,1.2,0.026,31,93,0.9916,2.93,0.37,11.3
"140",7,0.3,0.51,13.6,0.05,40,168,0.9976,3.07,0.52,9.6
"141",7.8,0.28,0.34,1.6,0.028,32,118,0.9901,3,0.38,12.1
"142",7.2,0.34,0.44,4.2,0.047,51,144,0.991,3.01,0.76,12.3
"143",5.9,0.37,0.1,1.6,0.057,39,128,0.9924,3.24,0.48,10.1
"144",7.7,0.34,0.27,8.8,0.063,39,184,0.9969,3.09,0.63,9.2
"145",7.8,0.22,0.38,10.3,0.059,28,99,0.9967,3.12,0.47,10
"146",7.2,0.35,0.34,12.4,0.051,6,37,0.9944,3.13,0.39,11.5
"147",6.1,0.26,0.51,2.2,0.05,61,154,0.9929,3.08,0.6,9.8
"148",8.2,0.23,0.29,1.8,0.047,47,187,0.9933,3.13,0.5,10.2
"149",6,0.38,0.26,6,0.034,42,134,0.9912,3.38,0.38,12.3
"150",7.3,0.3,0.22,6.4,0.056,44,168,0.9947,3.13,0.35,10.1
"151",6.6,0.25,0.3,1.6,0.046,32,134,0.993,3.42,0.51,10.1
"152",7.4,0.26,0.3,7.9,0.049,38,157,0.9963,3.13,0.48,8.9
"153",6.9,0.28,0.27,2.1,0.036,42,121,0.9926,3.42,0.49,10.8
"154",7,0.23,0.33,5.8,0.04,25,136,0.995,3.19,0.58,9.5
"155",6.9,0.19,0.4,1.4,0.036,14,55,0.9909,3.08,0.68,11.5
"156",6.7,0.3,0.35,1.4,0.18,36,160,0.9937,3.11,0.54,9.4
"157",7.2,0.24,0.4,1.4,0.045,31,106,0.9914,2.88,0.38,10.8
"158",6.3,0.26,0.49,1.5,0.052,34,134,0.9924,2.99,0.61,9.8
"159",7.4,0.24,0.4,4.3,0.032,9,95,0.992,3.09,0.39,11.1
"160",7.4,0.19,0.3,1.4,0.057,33,135,0.993,3.12,0.5,9.6
"161",6.5,0.46,0.41,16.8,0.084,59,222,0.9993,3.18,0.58,9
"162",5.3,0.32,0.12,6.6,0.043,22,141,0.9937,3.36,0.6,10.4
"163",6.2,0.24,0.29,13.3,0.039,49,130,0.9952,3.33,0.46,11
"164",5.8,0.31,0.33,1.2,0.036,23,99,0.9916,3.18,0.6,10.5
"165",7,0.23,0.42,18.05,0.05,35,144,0.9999,3.22,0.42,8.8
"166",6.9,0.24,0.33,4.8,0.04,16,131,0.9936,3.26,0.64,10.7
"167",6.1,0.17,0.28,4.5,0.033,46,150,0.9933,3.43,0.49,10.9
"168",6.2,0.17,0.28,4.7,0.037,39,133,0.9931,3.41,0.46,10.8
"169",6.5,0.33,0.72,1.1,0.061,7,151,0.993,3.09,0.57,9.5
"170",6,0.32,0.12,5.9,0.041,34,190,0.9944,3.16,0.72,10
"171",6.5,0.21,0.37,2.5,0.048,70,138,0.9917,3.33,0.75,11.4
"172",7.1,0.17,0.38,7.4,0.052,49,182,0.9958,3.35,0.52,9.6
"173",6.1,0.28,0.25,6.9,0.056,44,201,0.9955,3.19,0.4,9.1
"174",5.9,0.29,0.25,12,0.057,48,224,0.9981,3.23,0.41,9
"175",5.7,0.32,0.38,4.75,0.033,23,94,0.991,3.42,0.42,11.8
"176",6.4,0.27,0.32,4.5,0.24,61,174,0.9948,3.12,0.48,9.4
"177",6.2,0.36,0.26,13.2,0.051,54,201,0.9976,3.25,0.46,9
"178",7.6,0.29,0.58,17.5,0.041,51,225,0.9997,3.16,0.66,9.5
"179",6.3,0.34,0.28,14.7,0.047,49,198,0.9977,3.23,0.46,9.5
"180",8.4,0.4,0.7,13.1,0.042,29,197,0.998,3.06,0.64,9.7
"181",5.9,0.34,0.22,2.4,0.03,19,135,0.9894,3.41,0.78,13.9
"182",8.6,0.27,0.46,6.1,0.032,13,41,0.993,2.89,0.34,10.9
"183",6.2,0.31,0.21,6.3,0.041,50,218,0.9941,3.15,0.6,10
"184",7.2,0.18,0.45,4.4,0.046,57,166,0.9943,3.13,0.62,11.2
"185",8.2,0.27,0.43,1.6,0.035,31,128,0.9916,3.1,0.5,12.3
"186",6.2,0.21,0.27,1.7,0.038,41,150,0.9933,3.49,0.71,10.5
"187",6.9,0.31,0.34,1.6,0.032,23,128,0.9917,3.37,0.47,11.7
"188",5.8,0.2,0.3,1.5,0.031,21,57,0.99115,3.44,0.55,11
"189",5.9,0.26,0.25,12.5,0.034,38,152,0.9977,3.33,0.43,9.4
"190",7.4,0.38,0.27,7.5,0.041,24,160,0.99535,3.17,0.43,10
"191",7,0.21,0.34,8.5,0.033,31,253,0.9953,3.22,0.56,10.5
"192",7.2,0.29,0.4,7.6,0.024,56,177,0.9928,3.04,0.32,11.5
"193",6.9,0.18,0.38,8.1,0.049,44,176,0.9958,3.3,0.54,9.8
"194",6.9,0.2,0.5,10,0.036,78,167,0.9964,3.15,0.55,10.2
"195",7.1,0.13,0.4,1.2,0.047,54,134,0.9932,3.3,0.97,9.8
"196",6.9,0.18,0.38,8.1,0.049,44,176,0.9958,3.3,0.54,9.8
"197",6.8,0.24,0.49,19.3,0.057,55,247,1.00055,3,0.56,8.7
"198",7.2,0.27,0.42,1.6,0.05,35,135,0.992,2.94,0.46,11
"199",6.4,0.225,0.48,2.2,0.115,29,104,0.9918,3.24,0.58,12.1
"200",8.3,0.14,0.45,1.5,0.039,18,98,0.99215,3.02,0.56,11
"201",7.2,0.23,0.19,13.7,0.052,47,197,0.99865,3.12,0.53,9
"202",8.1,0.17,0.44,14.1,0.053,43,145,1.0006,3.28,0.75,8.8
"203",6,0.395,0,1.4,0.042,7,55,0.99135,3.37,0.38,11.2
"204",8.1,0.17,0.44,14.1,0.053,43,145,1.0006,3.28,0.75,8.8
"205",7.7,0.34,0.28,11,0.04,31,117,0.99815,3.27,0.29,9.2
"206",7.4,0.32,0.27,1.4,0.049,38,173,0.99335,3.03,0.52,9.3
"207",7.8,0.42,0.23,8.8,0.054,42,215,0.9971,3.02,0.58,9.2
"208",6,0.28,0.49,6.8,0.048,61,222,0.9953,3.19,0.47,9.3
"209",7.3,0.32,0.34,6.6,0.032,24,112,0.99505,3.22,0.46,9.8
"210",7.8,0.27,0.58,11.2,0.036,44,161,0.9977,3.06,0.41,8.9
"211",6.4,0.31,0.26,13.2,0.046,57,205,0.9975,3.17,0.41,9.6
"212",6,0.39,0.17,12,0.046,65,246,0.9976,3.15,0.38,9
"213",6.2,0.3,0.26,13.4,0.046,57,206,0.99775,3.17,0.43,9.5
"214",6.6,0.56,0.22,8.9,0.034,27,133,0.99675,3.2,0.51,9.1
"215",7.3,0.655,0.2,10.2,0.071,28,212,0.9971,2.96,0.58,9.2
"216",6.7,0.19,0.23,6.2,0.047,36,117,0.9945,3.34,0.43,9.6
"217",8.4,0.18,0.42,5.1,0.036,7,77,0.9939,3.16,0.52,11.7
"218",7.3,0.25,0.36,2.1,0.034,30,177,0.99085,3.25,0.4,11.9
"219",8.7,0.23,0.32,13.4,0.044,35,169,0.99975,3.12,0.47,8.8
"220",6.9,0.19,0.35,1.7,0.036,33,101,0.99315,3.21,0.54,10.8
"221",7.7,0.34,0.58,11.1,0.039,41,151,0.9978,3.06,0.49,8.6
"222",6.2,0.28,0.33,1.7,0.029,24,111,0.99,3.24,0.5,12.1
"223",7.8,0.18,0.46,12.6,0.042,41,143,1,3.24,0.76,8.5
"224",7.7,0.34,0.58,11.1,0.039,41,151,0.9978,3.06,0.49,8.6
"225",6,0.28,0.34,1.6,0.119,33,104,0.9921,3.19,0.38,10.2
"226",6.2,0.16,0.54,1.4,0.126,37,110,0.9932,3.23,0.37,8.9
"227",6.9,0.12,0.36,2.2,0.037,18,111,0.9919,3.41,0.82,11.9
"228",6.1,0.34,0.27,2.6,0.024,20,105,0.9906,3.4,0.67,12.2
"229",6.5,0.3,0.32,2,0.044,34,90,0.99185,3.37,0.68,11
"230",6.8,0.18,0.28,8.7,0.047,52,242,0.9952,3.22,0.53,10.5
"231",6.6,0.2,0.38,7.9,0.052,30,145,0.9947,3.32,0.56,11
"232",8,0.29,0.29,13.2,0.046,26,113,0.9983,3.25,0.37,9.7
"233",7.1,0.25,0.39,2.1,0.036,30,124,0.9908,3.28,0.43,12.2
"234",8,0.32,0.26,1.2,0.05,11.5,88,0.9946,3.24,0.37,9.5
"235",7.7,0.32,0.62,10.6,0.036,56,153,0.9978,3.13,0.44,8.9
"236",7.7,0.32,0.62,10.6,0.036,56,153,0.9978,3.13,0.44,8.9
"237",5.4,0.595,0.1,2.8,0.042,26,80,0.9932,3.36,0.38,9.3
"238",6.3,0.27,0.46,11.75,0.037,61,212,0.9971,3.25,0.53,9.5
"239",6.9,0.48,0.36,3.5,0.03,31,135,0.9904,3.14,0.38,12.2
"240",6.5,0.18,0.33,8,0.051,16,131,0.9965,3.28,0.44,8.7
"241",7.3,0.25,0.39,6.4,0.034,8,84,0.9942,3.18,0.46,11.5
"242",6.6,0.23,0.32,0.9,0.041,25,79,0.9926,3.39,0.54,10.2
"243",8.3,0.23,0.43,3.2,0.035,14,101,0.9928,3.15,0.36,11.5
"244",6.5,0.34,0.28,1.8,0.041,43,188,0.9928,3.13,0.37,9.6
"245",6.8,0.22,0.35,17.5,0.039,38,153,0.9994,3.24,0.42,9
"246",5.5,0.42,0.09,1.6,0.019,18,68,0.9906,3.33,0.51,11.4
"247",6,0.2,0.71,1.6,0.15,10,54,0.9927,3.12,0.47,9.8
"248",6,0.19,0.71,1.5,0.152,9,55,0.9927,3.12,0.46,9.8
"249",7.7,0.28,0.33,6.7,0.037,32,155,0.9951,3.39,0.62,10.7
"250",6.9,0.19,0.33,1.6,0.043,63,149,0.9925,3.44,0.52,10.8
"251",6.9,0.19,0.33,1.6,0.043,63,149,0.9925,3.44,0.52,10.8
"252",6.4,0.28,0.41,6.8,0.045,61,216,0.9952,3.09,0.46,9.4
"253",6.4,0.28,0.43,7.1,0.045,60,221,0.9952,3.09,0.45,9.4
"254",6.6,0.22,0.37,1.2,0.059,45,199,0.993,3.37,0.55,10.3
"255",7.7,0.16,0.41,1.7,0.048,60,173,0.9932,3.24,0.66,11.2
"256",6.2,0.25,0.47,11.6,0.048,62,210,0.9968,3.19,0.5,9.5
"257",6.6,0.14,0.44,1.6,0.042,47,140,0.993,3.32,0.51,10.2
"258",8.8,0.17,0.38,1.8,0.04,39,148,0.9942,3.16,0.67,10.2
"259",7.1,0.15,0.34,5.3,0.034,33,104,0.9953,3.37,0.52,9.3
"260",8.2,0.68,0.3,2.1,0.047,17,138,0.995,3.22,0.71,10.8
"261",7.5,0.33,0.48,19.45,0.048,55,243,1.001,2.95,0.4,8.8
"262",7.2,0.21,0.37,1.6,0.049,23,94,0.9924,3.16,0.48,10.9
"263",6.1,0.37,0.36,4.7,0.035,36,116,0.991,3.31,0.62,12.6
"264",7,0.31,0.52,1.7,0.029,5,61,0.9918,3.07,0.43,10.4
"265",8,0.26,0.36,2,0.054,30,121,0.992,3.09,0.72,11.6
"266",6.7,0.26,0.26,4.1,0.073,36,202,0.9956,3.3,0.67,9.5
"267",8.3,0.22,0.38,14.8,0.054,32,126,1.0002,3.22,0.5,9.7
"268",6.4,0.3,0.51,5.5,0.048,62,172,0.9942,3.08,0.45,9.1
"269",6.9,0.2,0.36,1.5,0.031,38,147,0.9931,3.35,0.56,11
"270",8.3,0.22,0.38,14.8,0.054,32,126,1.0002,3.22,0.5,9.7
"271",6.2,0.55,0.45,12,0.049,27,186,0.9974,3.17,0.5,9.3
"272",6.5,0.26,0.34,16.3,0.051,56,197,1.0004,3.49,0.42,9.8
"273",7.2,0.21,0.35,14.5,0.048,35,178,0.9982,3.05,0.47,8.9
"274",7.4,0.24,0.31,8.4,0.045,52,183,0.9963,3.09,0.32,8.8
"275",6.3,0.23,0.21,5.1,0.035,29,142,0.9942,3.36,0.33,10.1
"276",7.3,0.31,0.69,10.2,0.041,58,160,0.9977,3.06,0.45,8.6
"277",5.2,0.24,0.45,3.8,0.027,21,128,0.992,3.55,0.49,11.2
"278",6.1,0.29,0.27,1.7,0.024,13,76,0.9893,3.21,0.51,12.6
"279",9.2,0.22,0.4,2.4,0.054,18,151,0.9952,3.04,0.46,9.3
"280",7.2,0.37,0.15,2,0.029,27,87,0.9903,3.3,0.59,12.6
"281",7,0.15,0.38,2.2,0.047,33,96,0.9928,3.13,0.39,10.4
"282",5.8,0.415,0.13,1.4,0.04,11,64,0.9922,3.29,0.52,10.5
"283",6.7,0.105,0.32,12.4,0.051,34,106,0.998,3.54,0.45,9.2
"284",6.4,0.125,0.29,5.85,0.042,24,99,0.992,3.23,0.32,12
"285",7.9,0.25,0.29,5.3,0.031,33,117,0.9918,3.06,0.32,11.8
"286",6.9,0.23,0.34,4,0.047,24,128,0.9944,3.2,0.52,9.7
"287",6.8,0.39,0.31,14.35,0.043,28,162,0.9988,3.17,0.54,9.1
"288",6.7,0.25,0.34,12.85,0.048,30,161,0.9986,3.44,0.47,9.5
"289",9.2,0.28,0.46,3.2,0.058,39,133,0.996,3.14,0.58,9.5
"290",6.8,0.32,0.18,7.5,0.041,71,223,0.9959,3.14,0.41,8.9
"291",7,0.17,0.37,5.7,0.025,29,111,0.9938,3.2,0.49,10.8
"292",7.8,0.3,0.29,16.85,0.054,23,135,0.9998,3.16,0.38,9
"293",7.8,0.3,0.29,16.85,0.054,23,135,0.9998,3.16,0.38,9
"294",6.1,0.45,0.27,0.8,0.039,13,82,0.9927,3.23,0.32,9.5
"295",7.2,0.26,0.26,12.7,0.036,49,214,0.9986,3.41,0.5,10
"296",9.8,0.44,0.4,2.8,0.036,35,167,0.9956,2.97,0.39,9.2
"297",7.2,0.2,0.25,4.5,0.044,31,109,0.9949,3.23,0.36,9.4
"298",8.2,0.61,0.45,5.4,0.03,15,118,0.9954,3.14,0.34,9.6
"299",7.5,0.42,0.45,9.1,0.029,20,125,0.996,3.12,0.36,10.1
"300",6.6,0.21,0.38,2.2,0.026,40,104,0.9914,3.25,0.4,11.1
"301",7.9,0.22,0.45,14.2,0.038,53,141,0.9992,3.03,0.46,9.2
"302",6.8,0.18,0.37,1.5,0.027,37,93,0.992,3.3,0.45,10.8
"303",5,0.33,0.16,1.5,0.049,10,97,0.9917,3.48,0.44,10.7
"304",8,0.61,0.38,12.1,0.301,24,220,0.9993,2.94,0.48,9.2
"305",6.4,0.23,0.33,1.15,0.044,15.5,217.5,0.992,3.33,0.44,11
"306",7.9,0.41,0.37,4.5,0.03,40,114,0.992,3.17,0.54,12.4
"307",10.3,0.25,0.48,2.2,0.042,28,164,0.998,3.19,0.59,9.7
"308",8.1,0.43,0.42,6.6,0.033,36,141,0.9918,2.98,0.39,13.3
"309",8,0.2,0.4,5.2,0.055,41,167,0.9953,3.18,0.4,10.6
"310",7.2,0.18,0.31,1.1,0.045,20,73,0.9925,3.32,0.4,10.8
"311",5.7,0.245,0.33,1.1,0.049,28,150,0.9927,3.13,0.42,9.3
"312",7.3,0.25,0.41,1.8,0.037,52,165,0.9911,3.29,0.39,12.2
"313",6.4,0.22,0.34,1.8,0.057,29,104,0.9959,3.81,0.57,10.3
"314",7.3,0.18,0.65,1.4,0.046,28,157,0.9946,3.33,0.62,9.4
"315",7.2,0.14,0.35,1.2,0.036,15,73,0.9938,3.46,0.39,9.9
"316",7.5,0.28,0.34,4.2,0.028,36,116,0.991,2.99,0.41,12.3
"317",8,0.22,0.42,14.6,0.044,45,163,1.0003,3.21,0.69,8.6
"318",8.4,0.35,0.56,13.8,0.048,55,190,0.9993,3.07,0.58,9.4
"319",8.1,0.5,0.47,1.1,0.037,23,126,0.9938,3.21,0.42,10.9
"320",7.7,0.27,0.34,1.8,0.028,26,168,0.9911,2.99,0.48,12.1
"321",6.9,0.41,0.22,4.2,0.031,10,102,0.993,3,0.86,11.6
"322",7.5,0.23,0.32,9.2,0.038,54,191,0.9966,3.04,0.56,9.7
"323",8.2,0.2,0.36,8.1,0.035,60,163,0.9952,3.05,0.3,10.3
"324",5.2,0.365,0.08,13.5,0.041,37,142,0.997,3.46,0.39,9.9
"325",6.3,0.23,0.22,3.75,0.039,37,116,0.9927,3.23,0.5,10.7
"326",9.6,0.25,0.54,1.3,0.04,16,160,0.9938,2.94,0.43,10.5
"327",9.2,0.32,0.42,1.3,0.046,14,186,0.9949,3.08,0.48,9.6
"328",6.4,0.25,0.53,6.6,0.038,59,234,0.9955,3.03,0.42,8.8
"329",7.3,0.43,0.37,4.6,0.028,17,114,0.991,3.23,0.43,13.2
"330",5.1,0.31,0.3,0.9,0.037,28,152,0.992,3.54,0.56,10.1
"331",7.7,0.32,0.48,2.3,0.04,28,114,0.9911,3.2,0.52,12.8
"332",6.5,0.22,0.72,6.8,0.042,33,168,0.9958,3.12,0.36,9.2
"333",6.8,0.26,0.33,1.5,0.047,44,167,0.9928,3.12,0.44,10.5
"334",8.4,0.19,0.43,2.1,0.052,20,104,0.994,2.85,0.46,9.5
"335",7.9,0.16,0.64,17,0.05,69,210,1.0004,3.15,0.51,9.3
"336",7.8,0.21,0.39,1.8,0.034,62,180,0.991,3.09,0.75,12.6
"337",5.7,0.21,0.24,2.3,0.047,60,189,0.995,3.65,0.72,10.1
"338",7.8,0.29,0.36,7,0.042,38,161,0.9941,3.26,0.37,11.2
"339",7.6,0.19,0.41,1.1,0.04,38,143,0.9907,2.92,0.42,11.4
"340",7.3,0.22,0.41,15.4,0.05,55,191,1,3.32,0.59,8.9
"341",6.8,0.35,0.32,2.4,0.048,35,103,0.9911,3.28,0.46,12
"342",6.2,0.12,0.26,5.7,0.044,56,158,0.9951,3.52,0.37,10.5
"343",7,0.14,0.41,0.9,0.037,22,95,0.9914,3.25,0.43,10.9
"344",7.6,0.28,0.39,1.9,0.052,23,116,0.9941,3.25,0.4,10.4
"345",6.9,0.23,0.34,2.7,0.032,24,121,0.9902,3.14,0.38,12.4
"346",6.9,0.28,0.3,1.6,0.047,46,132,0.9918,3.35,0.38,11.1
"347",6.9,0.38,0.32,8.5,0.044,36,152,0.9932,3.38,0.35,12
"348",5.7,0.43,0.3,5.7,0.039,24,98,0.992,3.54,0.61,12.3
"349",7.3,0.18,0.29,1.2,0.044,12,143,0.9918,3.2,0.48,11.3
"350",6.6,0.42,0.33,2.8,0.034,15,85,0.99,3.28,0.51,13.4
"351",7.3,0.25,0.36,13.1,0.05,35,200,0.9986,3.04,0.46,8.9
"352",7.1,0.26,0.31,2.2,0.044,29,128,0.9937,3.34,0.64,10.9
"353",9,0.31,0.48,6.6,0.043,11,73,0.9938,2.9,0.38,11.6
"354",6.3,0.39,0.24,6.9,0.069,9,117,0.9942,3.15,0.35,10.2
"355",7.1,0.19,0.28,3.6,0.033,16,78,0.993,2.91,0.78,11.4
"356",7.1,0.26,0.32,5.9,0.037,39,97,0.9934,3.31,0.4,11.6
"357",7,0.2,0.34,5.7,0.035,32,83,0.9928,3.19,0.46,11.5
"358",6.9,0.3,0.33,4.1,0.035,26,155,0.9925,3.25,0.79,12.3
"359",5.9,0.415,0.02,0.8,0.038,22,63,0.9932,3.36,0.36,9.3
"360",7.6,0.14,0.74,1.6,0.04,27,103,0.9916,3.07,0.4,10.8
"361",6.2,0.18,0.49,4.5,0.047,17,90,0.9919,3.27,0.37,11.6
"362",6.8,0.22,0.49,0.9,0.052,26,128,0.991,3.25,0.35,11.4
"363",7.2,0.22,0.49,1,0.045,34,140,0.99,3.05,0.34,12.7
"364",8.2,0.18,0.49,1.1,0.033,28,81,0.9923,3,0.68,10.4
"365",6.1,0.22,0.49,1.5,0.051,18,87,0.9928,3.3,0.46,9.6
"366",6.3,0.23,0.49,7.1,0.05,67,210,0.9951,3.23,0.34,9.5
"367",7.2,0.31,0.24,1.4,0.057,17,117,0.9928,3.16,0.35,10.5
"368",6.4,0.145,0.49,5.4,0.048,54,164,0.9946,3.56,0.44,10.8
"369",7.4,0.16,0.49,1.2,0.055,18,150,0.9917,3.23,0.47,11.2
"370",7,0.2,0.74,0.8,0.044,19,163,0.9931,3.46,0.53,10.2
"371",6.9,0.19,0.49,6.6,0.036,49,172,0.9932,3.2,0.27,11.5
"372",7.2,0.4,0.49,1.1,0.048,11,138,0.9929,3.01,0.42,9.3
"373",7.8,0.21,0.49,1.35,0.052,6,48,0.9911,3.15,0.28,11.4
"374",7,0.2,0.49,5.9,0.038,39,128,0.9938,3.21,0.48,10.8
"375",6.7,0.25,0.74,19.4,0.054,44,169,1.0004,3.51,0.45,9.8
"376",7.7,0.35,0.49,8.65,0.033,42,186,0.9931,3.14,0.38,12.4
"377",6.8,0.27,0.49,1.2,0.044,35,126,0.99,3.13,0.48,12.1
"378",7.7,0.27,0.49,1.8,0.041,23,86,0.9914,3.16,0.42,12.5
"379",7.4,0.19,0.49,9.3,0.03,26,132,0.994,2.99,0.32,11
"380",9.2,0.18,0.49,1.5,0.041,39,130,0.9945,3.04,0.49,9.8
"381",7.9,0.2,0.49,1.6,0.053,15,144,0.993,3.16,0.47,10.5
"382",7.3,0.22,0.49,9.4,0.034,29,134,0.9939,2.99,0.32,11
"383",8.2,0.22,0.49,9.6,0.037,53,154,0.9951,3.02,0.33,10.6
"384",8.2,0.24,0.49,9.3,0.038,52,163,0.9952,3.02,0.33,10.6
"385",8.4,0.23,0.49,7.8,0.035,22,95,0.9935,3.04,0.34,12
"386",6.6,0.3,0.24,1.2,0.034,17,121,0.9933,3.13,0.36,9.2
"387",7.2,0.27,0.74,12.5,0.037,47,156,0.9981,3.04,0.44,8.7
"388",7.3,0.26,0.49,5,0.028,32,107,0.9936,3.24,0.54,10.8
"389",6,0.17,0.49,1,0.034,26,106,0.992,3.21,0.42,9.8
"390",7.2,0.16,0.49,1.3,0.037,27,104,0.9924,3.23,0.57,10.6
"391",7.3,0.14,0.49,1.1,0.038,28,99,0.9928,3.2,0.72,10.6
"392",8.9,0.13,0.49,1,0.028,6,24,0.9926,2.91,0.32,9.9
"393",8.5,0.15,0.49,1.5,0.031,17,122,0.9932,3.03,0.4,10.3
"394",7.9,0.18,0.49,5.2,0.051,36,157,0.9953,3.18,0.48,10.6
"395",6.6,0.19,0.99,1.2,0.122,45,129,0.9936,3.09,0.31,8.7
"396",6.9,0.3,0.49,7.6,0.057,25,156,0.9962,3.43,0.63,11
"397",7.6,0.23,0.49,10,0.036,45,182,0.9967,3.08,0.58,9.6
"398",7.9,0.18,0.49,5.2,0.051,36,157,0.9953,3.18,0.48,10.6
"399",8.8,0.35,0.49,1,0.036,14,56,0.992,2.96,0.33,10.5
"400",7.8,0.3,0.74,1.8,0.033,33,156,0.991,3.29,0.52,12.8
"401",7.4,0.3,0.49,8.2,0.055,49,188,0.9974,3.52,0.58,9.7
"402",6.8,0.17,0.74,2.4,0.053,61,182,0.9953,3.63,0.76,10.5
"403",8.6,0.16,0.49,7.3,0.043,9,63,0.9953,3.13,0.59,10.5
"404",7,0.29,0.49,3.8,0.047,37,136,0.9938,2.95,0.4,9.4
"405",5.6,0.39,0.24,4.7,0.034,27,77,0.9906,3.28,0.36,12.7
"406",6.7,0.41,0.01,2.8,0.048,39,137,0.9942,3.24,0.35,9.5
"407",7.5,0.32,0.49,1.7,0.031,44,109,0.9906,3.07,0.46,12.5
"408",6.2,0.2,0.49,1.6,0.065,17,143,0.9937,3.22,0.52,9.2
"409",6.2,0.22,0.49,6,0.029,31,128,0.9928,3.41,0.36,11.3
"410",7.8,0.26,0.49,3.2,0.027,28,87,0.9919,3.03,0.32,11.3
"411",7.8,0.15,0.24,7.7,0.047,21,98,0.9951,2.94,0.31,9.6
"412",7.1,0.28,0.49,6.5,0.041,28,111,0.9926,3.41,0.58,12.2
"413",7.8,0.49,0.49,7,0.043,29,149,0.9952,3.21,0.33,10
"414",8.1,0.3,0.49,12.3,0.049,50,144,0.9971,3.09,0.57,10.2
"415",7.3,0.19,0.49,15.55,0.058,50,134,0.9998,3.42,0.36,9.1
"416",6.9,0.26,0.49,1.6,0.058,39,166,0.9965,3.65,0.52,9.4
"417",7.6,0.31,0.49,3.95,0.044,27,131,0.9912,3.08,0.67,12.8
"418",5.8,0.15,0.49,1.1,0.048,21,98,0.9929,3.19,0.48,9.2
"419",7.9,0.33,0.28,31.6,0.053,35,176,1.0103,3.15,0.38,8.8
"420",7.1,0.31,0.38,1.2,0.036,10,124,0.9924,3.14,0.44,9.9
"421",7,0.35,0.3,6.5,0.028,27,87,0.9936,3.4,0.42,11.4
"422",6.3,0.31,0.3,10,0.046,49,212,0.9962,3.74,0.55,11.9
"423",7.3,0.26,0.33,17.85,0.049,41.5,195,1,3.06,0.44,9.1
"424",7.1,0.16,0.25,1.3,0.034,28,123,0.9915,3.27,0.55,11.4
"425",7.2,0.25,0.28,14.4,0.055,55,205,0.9986,3.12,0.38,9
"426",7.7,0.12,0.32,1.4,0.06,47,150,0.9952,3.37,0.42,9.2
"427",7.9,0.29,0.36,11.1,0.033,43,208,0.9969,3.14,0.46,10.3
"428",6.5,0.27,0.19,4.2,0.046,6,114,0.9955,3.25,0.35,8.6
"429",6.7,0.33,0.42,6.4,0.058,27,151,0.9954,3.16,0.44,9.6
"430",6.7,0.31,0.42,6.4,0.057,25,148,0.9955,3.16,0.45,9.6
"431",6.8,0.22,0.3,13.6,0.055,50,180,0.9984,3.44,0.39,9.8
"432",7.9,0.18,0.37,3,0.061,25,178,0.995,3.22,0.51,10
"433",6.5,0.18,0.34,1.6,0.04,43,148,0.9912,3.32,0.59,11.5
"434",7.5,0.4,1,19.5,0.041,33,148,0.9977,3.24,0.38,12
"435",7.6,0.445,0.44,14.5,0.045,68,212,0.9986,3.48,0.36,10
"436",6.8,0.3,0.24,6.6,0.123,35,116,0.9953,3.07,0.48,9.4
"437",7.7,0.38,0.4,2,0.038,28,152,0.9906,3.18,0.32,12.9
"438",6.6,0.22,0.58,1.1,0.133,52,136,0.9932,3.1,0.3,9.1
"439",8,0.27,0.24,1.2,0.044,20,102,0.9929,3.28,0.42,10.9
"440",6.3,0.25,0.23,14.9,0.039,47,142,0.99705,3.14,0.35,9.7
"441",6.9,0.29,0.23,8.6,0.056,56,215,0.9967,3.17,0.44,8.8
"442",6.4,0.28,0.19,5.4,0.042,67,181,0.99435,3.31,0.35,10.2
"443",8,0.3,0.28,5.7,0.044,31,124,0.9948,3.16,0.51,10.2
"444",6.7,0.27,0.25,8,0.053,54,202,0.9961,3.22,0.43,9.3
"445",6.9,0.29,0.23,8.6,0.056,56,215,0.9967,3.17,0.44,8.8
"446",6.6,0.32,0.26,7.7,0.054,56,209,0.9961,3.17,0.45,8.8
"447",6.6,0.37,0.07,1.4,0.048,58,144,0.9922,3.17,0.38,10
"448",6.6,0.25,0.35,14,0.069,42,163,0.999,3.56,0.47,9.8
"449",6.4,0.15,0.36,1.8,0.034,43,150,0.9922,3.42,0.69,11
"450",7.8,0.22,0.36,1.4,0.056,21,153,0.993,3.2,0.53,10.4
"451",6.7,0.37,0.41,6.3,0.061,22,149,0.9953,3.16,0.47,9.6
"452",6.8,0.23,0.29,15.4,0.073,56,173,0.9984,3.06,0.41,8.7
"453",6.4,0.26,0.21,7.1,0.04,35,162,0.9956,3.39,0.58,9.9
"454",6.4,0.26,0.21,7.1,0.04,35,162,0.9956,3.39,0.58,9.9
"455",7.6,0.3,0.22,10.2,0.049,57,191,0.9966,3.08,0.4,9.3
"456",7.2,0.15,0.38,1.2,0.038,18,110,0.9917,3.19,0.43,11.1
"457",8.2,0.42,0.29,4.1,0.03,31,100,0.9911,3,0.32,12.8
"458",6,0.26,0.29,1,0.032,27,96,0.9896,3.38,0.44,12.3
"459",6.8,0.3,0.35,2.8,0.038,10,164,0.9912,3.09,0.53,12
"460",7.7,0.44,0.24,11.2,0.031,41,167,0.9948,3.12,0.43,11.3
"461",7.4,0.49,0.24,15.1,0.03,34,153,0.9953,3.13,0.51,12
"462",6.4,0.21,0.3,5.6,0.044,43,160,0.9949,3.6,0.41,10.6
"463",7.2,0.24,0.29,2.2,0.037,37,102,0.992,3.27,0.64,11
"464",6.1,0.34,0.46,4.7,0.029,21,94,0.991,3.29,0.62,12.3
"465",7,0.24,0.25,1.7,0.042,48,189,0.992,3.25,0.42,11.4
"466",6.1,0.34,0.46,4.7,0.029,21,94,0.991,3.29,0.62,12.3
"467",8.3,0.27,0.39,2.4,0.058,16,107,0.9955,3.28,0.59,10.3
"468",10,0.91,0.42,1.6,0.056,34,181,0.9968,3.11,0.46,10
"469",8.9,0.34,0.34,1.6,0.056,13,176,0.9946,3.14,0.47,9.7
"470",8.2,0.18,0.28,8.5,0.035,41,140,0.9952,3.04,0.37,10.1
"471",8,0.2,0.36,1.2,0.032,21,78,0.9921,3.08,0.37,10.4
"472",8,0.25,0.26,14,0.043,41,248,0.9986,3.03,0.57,8.7
"473",7.7,0.3,0.42,14.3,0.045,45,213,0.9991,3.18,0.63,9.2
"474",7.2,0.24,0.4,17.85,0.049,50,185,1,3.34,0.42,9.6
"475",6.8,0.24,0.31,18.3,0.046,40,142,1,3.3,0.41,8.7
"476",7.5,0.29,0.67,8.1,0.037,53,166,0.9966,2.9,0.41,8.9
"477",10,0.23,0.27,14.1,0.033,45,166,0.9988,2.72,0.43,9.7
"478",7.5,0.29,0.67,8.1,0.037,53,166,0.9966,2.9,0.41,8.9
"479",7.9,0.37,0.3,2.7,0.029,64,158,0.9916,3.12,0.59,12
"480",7.2,0.36,0.36,5.7,0.038,26,98,0.9914,2.93,0.59,12.5
"481",6.6,0.25,0.36,8.1,0.045,54,180,0.9958,3.08,0.42,9.2
"482",8.1,0.26,0.33,11.1,0.052,52.5,158,0.9976,3.03,0.49,10.2
"483",7.6,0.13,0.34,9.3,0.062,40,126,0.9966,3.21,0.39,9.6
"484",8.2,0.37,0.27,1.7,0.028,10,59,0.9923,2.97,0.48,10.4
"485",6.3,0.2,0.58,1.4,0.204,15,97,0.9931,3.16,0.43,10
"486",7.1,0.49,0.22,2,0.047,146.5,307.5,0.9924,3.24,0.37,11
"487",8.8,0.34,0.33,9.7,0.036,46,172,0.9966,3.08,0.4,10.2
"488",7.3,0.13,0.27,4.6,0.08,34,172,0.9938,3.23,0.39,11.1
"489",7.2,0.16,0.35,1.2,0.031,27,84,0.9928,3.33,0.34,9.9
"490",6,0.45,0.42,1.1,0.051,61,197,0.9932,3.02,0.4,9
"491",8.1,0.26,0.3,7.8,0.049,39,152,0.9954,2.99,0.58,10
"492",8,0.25,0.13,17.2,0.036,49,219,0.9996,2.96,0.46,9.7
"493",8.1,0.31,0.36,8.2,0.028,29,142,0.9925,3.01,0.34,13
"494",7.4,0.32,0.55,16.6,0.056,53,238,1.0017,2.96,0.58,8.7
"495",6.3,0.41,0.3,3.2,0.03,49,164,0.9927,3.53,0.79,11.7
"496",7.6,0.2,0.26,4.5,0.086,37,133,0.9963,3.15,0.42,9.2
"497",8.1,0.22,0.28,7.7,0.043,57,176,0.9954,3.12,0.55,10
"498",8,0.22,0.32,10.4,0.043,63,201,0.997,3.11,0.53,9.5
"499",7,0.28,0.33,14.6,0.043,47,168,0.9994,3.34,0.67,8.8
"500",7.3,0.18,0.31,17.3,0.055,32,197,1.0002,3.13,0.46,9
"501",7.6,0.17,0.35,1.6,0.047,43,154,0.9934,3.36,0.69,11.1
"502",8.4,0.2,0.38,11.8,0.055,51,170,1.0004,3.34,0.82,8.9
"503",7,0.25,0.56,2,0.035,20,95,0.9918,3.23,0.53,11
"504",6.8,0.18,0.46,1.4,0.064,37,160,0.9924,3.37,0.45,11.1
"505",9,0.55,0.3,8.1,0.026,14,71,0.993,2.94,0.36,11.8
"506",7,0.2,0.34,2.1,0.049,12,136,0.9922,3.25,0.46,11.6
"507",6.6,0.32,0.22,16.7,0.046,38,133,0.9979,3.22,0.67,10.4
"508",7.6,0.34,0.39,7.6,0.04,45,215,0.9965,3.11,0.53,9.2
"509",8,0.43,0.4,12.4,0.168,29,190,0.9991,3.07,0.64,9.2
"510",8.9,0.21,0.34,7.1,0.037,33,150,0.9962,3.1,0.45,9.7
"511",7.6,0.29,0.26,6.5,0.042,32,160,0.9944,3.14,0.47,10.7
"512",7.9,0.35,0.36,1.6,0.038,11,124,0.9928,3.25,0.48,11
"513",5.7,0.27,0.32,1.2,0.046,20,155,0.9934,3.8,0.41,10.2
"514",7.4,0.18,0.34,2.7,0.03,30,107,0.992,2.97,0.53,11
"515",6.8,0.33,0.44,7,0.05,29,155,0.9955,3.14,0.42,9.5
"516",6.3,0.28,0.24,8.45,0.031,32,172,0.9958,3.39,0.57,9.7
"517",6.8,0.21,0.27,18.15,0.042,41,146,1.0001,3.3,0.36,8.7
"518",7.3,0.29,0.29,4.6,0.029,27,155,0.9931,3.07,0.26,10.6
"519",7.3,0.29,0.37,8.3,0.044,45,227,0.9966,3.12,0.47,9
"520",6.7,0.23,0.33,1.8,0.036,23,96,0.9925,3.32,0.4,10.8
"521",7.8,0.27,0.28,1.8,0.05,21,127,0.9934,3.15,0.44,9.9
"522",7,0.22,0.39,2.1,0.055,39,198,0.9951,3.52,0.54,10.2
"523",7.4,0.45,0.32,7.1,0.044,17,117,0.9962,3.32,0.41,10.4
"524",7.5,0.42,0.14,10.7,0.046,18,95,0.9959,3.22,0.33,10.7
"525",7.5,0.33,0.32,11.1,0.036,25,119,0.9962,3.15,0.34,10.5
"526",9.4,0.3,0.32,10.7,0.029,14,111,0.9958,2.85,0.42,10.6
"527",6.6,0.22,0.53,15.1,0.052,22,136,0.9986,2.94,0.35,9.4
"528",6,0.16,0.3,6.7,0.043,43,153,0.9951,3.63,0.46,10.6
"529",6.8,0.28,0.35,2.3,0.042,16,85,0.9906,3.19,0.56,12.4
"530",6.8,0.32,0.34,6,0.05,5,129,0.9953,3.19,0.4,9.1
"531",7.4,0.18,0.36,13.1,0.056,72,163,1,3.42,0.35,9.1
"532",5.7,0.33,0.15,1.9,0.05,20,93,0.9934,3.38,0.62,9.9
"533",6.4,0.2,0.32,3.1,0.041,18,126,0.9914,3.43,0.42,12
"534",8,0.16,0.36,1.5,0.033,14,122,0.9941,3.2,0.39,10.3
"535",6.8,0.25,0.27,10.7,0.076,47,154,0.9967,3.05,0.38,9
"536",6.5,0.43,0.28,12,0.056,23,174,0.9986,3.31,0.55,9.3
"537",7.2,0.16,0.26,7.1,0.054,41,224,0.9966,3.38,0.55,10.1
"538",7.7,0.28,0.35,15.3,0.056,31,117,0.9998,3.27,0.5,9.6
"539",7.2,0.2,0.31,10,0.054,49,165,0.997,3.4,0.42,9.9
"540",7,0.24,0.34,3,0.035,36,102,0.9905,3.18,0.43,12.2
"541",7.9,0.28,0.32,3.6,0.038,9,76,0.992,3.05,0.31,11.7
"542",6,0.33,0.38,9.7,0.04,29,124,0.9954,3.47,0.48,11
"543",6.8,0.37,0.28,4,0.03,29,79,0.99,3.23,0.46,12.4
"544",7.4,0.19,0.3,12.8,0.053,48.5,229,0.9986,3.14,0.49,9.1
"545",6.9,0.32,0.13,7.8,0.042,11,117,0.996,3.23,0.37,9.2
"546",6,0.34,0.24,5.4,0.06,23,126,0.9951,3.25,0.44,9
"547",7.4,0.29,0.25,3.8,0.044,30,114,0.992,3.11,0.4,11
"548",6.6,0.32,0.27,10.9,0.041,37,146,0.9963,3.24,0.47,10
"549",7.5,0.18,0.31,11.7,0.051,24,94,0.997,3.19,0.44,9.5
"550",6.4,0.18,0.32,9.6,0.052,24,90,0.9963,3.35,0.49,9.4
"551",7.1,0.18,0.32,12.2,0.048,36,125,0.9967,2.92,0.54,9.4
"552",6.4,0.18,0.32,9.6,0.052,24,90,0.9963,3.35,0.49,9.4
"553",7.3,0.18,0.29,1,0.036,26,101,0.99,3.09,0.37,11.7
"554",6,0.28,0.27,2.3,0.051,23,147,0.994,3.23,0.67,10.3
"555",7.6,0.27,0.33,2,0.059,19,175,0.9944,3.22,0.56,9.9
"556",7.7,0.39,0.34,10,0.056,35,178,0.9974,3.26,0.6,10.2
"557",8.9,0.24,0.33,15.75,0.035,16,132,0.996,3,0.37,12.1
"558",8.5,0.28,0.34,13.8,0.041,32,161,0.9981,3.13,0.4,9.9
"559",8.1,0.25,0.38,3.8,0.051,18,129,0.9928,3.21,0.38,11.5
"560",6.5,0.24,0.36,2.2,0.027,36,134,0.9898,3.28,0.36,12.5
"561",8,0.45,0.28,10.8,0.051,25,157,0.9957,3.06,0.47,11.4
"562",8,0.45,0.28,10.8,0.051,25,157,0.9957,3.06,0.47,11.4
"563",7.6,0.23,0.26,15.3,0.067,32,166,0.9986,3.03,0.44,9.2
"564",7.1,0.2,0.36,11.6,0.042,45,124,0.997,2.92,0.59,9.5
"565",6.5,0.39,0.35,1.6,0.049,10,164,0.99516,3.35,0.51,9.7
"566",6.9,0.44,0.42,8.5,0.048,10,147,0.9974,3.32,0.46,9.5
"567",7.2,0.29,0.18,8.2,0.042,41,180,0.99644,3.16,0.49,9.1
"568",6.1,0.23,0.45,10.6,0.094,49,169,0.99699,3.05,0.54,8.8
"569",6.1,0.15,0.29,6.2,0.046,39,151,0.99471,3.6,0.44,10.6
"570",7.4,0.2,0.29,1.7,0.047,16,100,0.99243,3.28,0.45,10.6
"571",9.2,0.34,0.54,17.3,0.06,46,235,1.00182,3.08,0.61,8.8
"572",7.6,0.48,0.28,10.4,0.049,57,205,0.99748,3.24,0.45,9.3
"573",6.6,0.19,0.43,10.9,0.045,53,154,0.99752,3.52,0.77,10.4
"574",8.5,0.19,0.56,17.3,0.055,47,169,1.00047,3.07,0.67,9.3
"575",6.3,0.16,0.22,1.3,0.046,18,66,0.99307,3.61,0.55,10.3
"576",7.4,0.33,0.26,15.6,0.049,67,210,0.99907,3.06,0.68,9.5
"577",7.4,0.33,0.26,15.6,0.049,67,210,0.99907,3.06,0.68,9.5
"578",7.4,0.18,0.24,1.4,0.047,21,106,0.99383,3.52,0.64,10.5
"579",6.9,0.28,0.31,7.2,0.04,47,168,0.9946,3.29,0.57,10.6
"580",9.4,0.28,0.3,1.6,0.045,36,139,0.99534,3.11,0.49,9.3
"581",8.1,0.28,0.34,1.3,0.035,11,126,0.99232,3.14,0.5,9.8
"582",7.7,0.42,0.38,8.1,0.061,49,144,0.9966,3.4,0.58,11
"583",6.6,0.4,0.32,1.7,0.035,39,84,0.99096,3.59,0.48,12.7
"584",8,0.2,0.3,8.1,0.037,42,130,0.99379,3.1,0.67,11.8
"585",6.9,0.35,0.55,11.95,0.038,22,111,0.99687,3.11,0.29,9.7
"586",7.5,0.23,0.35,17.8,0.058,128,212,1.00241,3.44,0.43,8.9
"587",7.2,0.34,0.3,8.4,0.051,40,167,0.99756,3.48,0.62,9.7
"588",7.7,0.28,0.63,11.1,0.039,58,179,0.9979,3.08,0.44,8.8
"589",8.3,0.26,0.31,2,0.029,14,141,0.99077,2.95,0.77,12.2
"590",7.9,0.25,0.34,11.4,0.04,53,202,0.99708,3.11,0.57,9.6
"591",6.1,0.28,0.16,1.3,0.06,36,126,0.99353,3.13,0.46,8.7
"592",7.6,0.32,0.35,1.6,0.092,24,138,0.99438,3.19,0.44,9.8
"593",7.2,0.3,0.3,8.1,0.05,40,188,0.99652,3.15,0.49,9.1
"594",7.6,0.48,0.37,1.2,0.034,5,57,0.99256,3.05,0.54,10.4
"595",6.9,0.15,0.28,4.4,0.029,14,107,0.99347,3.24,0.46,10.4
"596",6.4,0.17,0.34,1.5,0.093,43,136,0.9938,3.25,0.49,9.6
"597",9.2,0.19,0.42,2,0.047,16,104,0.99517,3.09,0.66,10
"598",7.9,0.44,0.26,4.45,0.033,23,100,0.99117,3.17,0.52,12.7
"599",7.5,0.705,0.1,13,0.044,44,214,0.99741,3.1,0.5,9.1
"600",7.3,0.815,0.09,11.4,0.044,45,204,0.99713,3.15,0.46,9
"601",8.1,0.4,0.32,7.9,0.031,23,118,0.99176,3.05,0.46,13.3
"602",6.8,0.26,0.43,11.75,0.045,53,198,0.9969,3.26,0.55,9.5
"603",7.2,0.24,0.29,3,0.036,17,117,0.99411,3.36,0.68,10.1
"604",8.1,0.34,0.28,7.5,0.04,70,230,0.99558,3.14,0.55,9.8
"605",7.6,0.285,0.32,14.6,0.063,32,201,0.998,3,0.45,9.2
"606",6.6,0.32,0.33,2.5,0.052,40,219.5,0.99316,3.15,0.6,10
"607",6.6,0.34,0.34,2.6,0.051,40.5,210,0.99314,3.15,0.61,10
"608",6.6,0.56,0.15,10,0.037,38,157,0.99642,3.28,0.52,9.4
"609",8.1,0.33,0.36,7.4,0.037,36,156,0.99592,3.19,0.54,10.6
"610",6,0.26,0.15,1.2,0.053,35,124,0.99347,3.08,0.46,8.8
"611",7.6,0.25,0.34,1.3,0.056,34,176,0.99434,3.1,0.51,9.5
"612",6,0.29,0.21,15.55,0.043,20,142,0.99658,3.11,0.54,10.1
"613",6.8,0.32,0.3,1,0.049,22,113,0.99289,3.24,0.61,10.2
"614",6.4,0.3,0.16,7.5,0.05,55,191,0.9959,3.17,0.49,9
"615",7.9,0.27,0.27,1.7,0.034,25,122,0.99088,2.97,0.51,11.9
"616",7.9,0.27,0.27,1.7,0.034,25,122,0.99088,2.97,0.51,11.9
"617",7.6,0.31,0.23,12.7,0.054,20,139,0.99836,3.16,0.5,9.7
"618",6.3,0.18,0.22,1.5,0.043,45,155,0.99238,3.19,0.48,10.2
"619",6.4,0.31,0.4,6.4,0.039,39,191,0.99513,3.14,0.52,9.8
"620",8.5,0.3,0.28,3.1,0.054,54,174,0.99543,3.21,0.43,9.4
"621",7.4,0.4,0.41,14.1,0.053,37,194,0.99886,3.2,0.63,9.4
"622",6.6,0.32,0.34,7.7,0.044,63,212,0.99526,3.22,0.48,9.7
"623",7.1,0.34,0.31,5.2,0.032,36,140,0.99166,3.35,0.47,12.3
"624",7.1,0.12,0.3,3.1,0.018,15,37,0.99004,3.02,0.52,11.9
"625",7.3,0.17,0.24,8.1,0.121,32,162,0.99508,3.17,0.38,10.4
"626",6.5,0.18,0.33,1.4,0.029,35,138,0.99114,3.36,0.6,11.5
"627",7.3,0.16,0.35,1.5,0.036,29,108,0.99342,3.27,0.51,10.2
"628",5.9,0.28,0.14,8.6,0.032,30,142,0.99542,3.28,0.44,9.5
"629",6.2,0.27,0.18,1.5,0.028,20,111,0.99228,3.41,0.5,10
"630",9,0.26,0.34,6.7,0.029,21,162,0.99497,3.08,0.5,10.6
"631",6.2,0.33,0.14,4.8,0.052,27,128,0.99475,3.21,0.48,9.4
"632",6.6,0.36,0.52,11.3,0.046,8,110,0.9966,3.07,0.46,9.4
"633",6.3,0.13,0.42,1.1,0.043,63,146,0.99066,3.13,0.72,11.2
"634",5.7,0.255,0.65,1.2,0.079,17,137,0.99307,3.2,0.42,9.4
"635",6.9,0.28,0.22,10,0.052,36,131,0.99696,3.08,0.46,9.6
"636",6.6,0.24,0.28,1.8,0.028,39,132,0.99182,3.34,0.46,11.4
"637",7,0.16,0.32,1.1,0.032,29,80,0.98972,3.23,0.36,12.1
"638",6.8,0.18,0.3,12.8,0.062,19,171,0.99808,3,0.52,9
"639",6.8,0.18,0.3,12.8,0.062,19,171,0.99808,3,0.52,9
"640",7.2,0.615,0.1,1.4,0.068,25,154,0.99499,3.2,0.48,9.7
"641",6.7,0.34,0.3,8.5,0.059,24,152,0.99615,3.46,0.64,11
"642",8.2,0.52,0.34,1.2,0.042,18,167,0.99366,3.24,0.39,10.6
"643",6.4,0.22,0.34,1.4,0.023,56,115,0.98958,3.18,0.7,11.7
"644",6.7,0.3,0.29,2.8,0.025,37,107,0.99159,3.31,0.63,11.3
"645",7.5,0.25,0.32,8.2,0.024,53,209,0.99563,3.12,0.46,10.8
"646",6.5,0.18,0.41,14.2,0.039,47,129,0.99678,3.28,0.72,10.3
"647",6.6,0.35,0.35,6,0.063,31,150,0.99537,3.1,0.47,9.4
"648",6.6,0.36,0.52,10.1,0.05,29,140,0.99628,3.07,0.4,9.4
"649",6.5,0.18,0.41,14.2,0.039,47,129,0.99678,3.28,0.72,10.3
"650",7,0.24,0.24,9,0.03,42,219,0.99636,3.47,0.46,10.2
"651",7.2,0.24,0.27,11.4,0.034,40,174,0.99773,3.2,0.44,9
"652",7.5,0.13,0.38,1.1,0.023,42,104,0.99112,3.28,0.53,11.8
"653",7.15,0.17,0.24,9.6,0.119,56,178,0.99578,3.15,0.44,10.2
"654",6.7,0.12,0.3,5.2,0.048,38,113,0.99352,3.33,0.44,10.1
"655",7.15,0.17,0.24,9.6,0.119,56,178,0.99578,3.15,0.44,10.2
"656",7,0.34,0.39,6.9,0.066,43,162,0.99561,3.11,0.53,9.5
"657",6.4,0.68,0.26,3.4,0.069,25,146,0.99347,3.18,0.4,9.3
"658",6.8,0.19,0.23,5.1,0.034,71,204,0.9942,3.23,0.69,10.1
"659",7.1,0.15,0.34,1,0.033,27,73,0.98974,3.24,0.41,12.2
"660",9.6,0.655,0.21,2,0.039,21,120,0.99188,3,1,12.6
"661",7.2,0.35,0.25,5.6,0.032,23,120,0.99334,2.93,0.66,10.3
"662",7.2,0.32,0.24,5.6,0.033,23,120,0.99334,2.92,0.66,10.3
"663",7.6,0.1,0.33,1,0.031,33,93,0.99094,3.06,0.68,11.2
"664",7.1,0.31,0.17,1,0.042,21,144,0.99304,3.13,0.4,9.6
"665",7,0.16,0.36,2.6,0.029,28,98,0.99126,3.11,0.37,11.2
"666",6.6,0.24,0.38,8,0.042,56,187,0.99577,3.21,0.46,9.2
"667",6.2,0.28,0.27,10.3,0.03,26,108,0.99388,3.2,0.36,10.7
"668",7,0.18,0.37,1.5,0.043,16,104,0.99216,3.18,0.5,10.8
"669",6.9,0.31,0.32,1.2,0.024,20,166,0.99208,3.05,0.54,9.8
"670",6.5,0.46,0.31,5,0.027,15,72,0.99165,3.26,0.6,11.5
"671",6.5,0.23,0.36,16.3,0.038,43,133,0.99924,3.26,0.41,8.8
"672",6.5,0.23,0.36,16.3,0.038,43,133,0.99924,3.26,0.41,8.8
"673",6.7,0.26,0.39,6.4,0.171,64,200,0.99562,3.19,0.38,9.4
"674",7.5,0.28,0.39,10.2,0.045,59,209,0.9972,3.16,0.63,9.6
"675",6.5,0.23,0.36,16.3,0.038,43,133,0.99924,3.26,0.41,8.8
"676",5.2,0.28,0.29,1.1,0.028,18,69,0.99168,3.24,0.54,10
"677",7.6,0.4,0.27,5.2,0.03,32,101,0.99172,3.22,0.62,12.3
"678",7.5,0.18,0.31,6.5,0.029,53,160,0.99276,3.03,0.38,10.9
"679",5.3,0.2,0.31,3.6,0.036,22,91,0.99278,3.41,0.5,9.8
"680",6.5,0.35,0.28,12.4,0.051,86,213,0.9962,3.16,0.51,9.9
"681",6.5,0.29,0.31,1.7,0.035,24,79,0.99053,3.27,0.69,11.4
"682",6.8,0.3,0.22,6.2,0.06,41,190,0.99858,3.18,0.51,9.2
"683",7.9,0.51,0.36,6.2,0.051,30,173,0.9984,3.09,0.53,9.7
"684",7.1,0.29,0.28,9.3,0.048,50,141,0.9949,3.13,0.49,10.3
"685",6.9,0.615,0.42,12,0.067,24,131,0.99727,3.19,0.34,9.3
"686",5.8,0.17,0.34,1.8,0.045,96,170,0.99035,3.38,0.9,11.8
"687",7.3,0.26,0.33,11.8,0.057,48,127,0.99693,3.1,0.55,10
"688",5.8,0.17,0.34,1.8,0.045,96,170,0.99035,3.38,0.9,11.8
"689",5.8,0.315,0.27,1.55,0.026,15,70,0.98994,3.37,0.4,11.9
"690",6,0.26,0.15,1.3,0.06,51,154,0.99354,3.14,0.51,8.7
"691",7.9,0.16,0.3,7.4,0.05,58,152,0.99612,3.12,0.37,9.5
"692",6.4,0.27,0.29,10.8,0.028,17,118,0.99356,3.18,0.37,11.2
"693",7.3,0.32,0.35,1.4,0.05,8,163,0.99244,3.24,0.42,10.7
"694",7,0.36,0.32,10.05,0.045,37,131,0.99352,3.09,0.33,11.7
"695",7,0.36,0.32,10.5,0.045,35,135,0.9935,3.09,0.33,11.6
"696",7.8,0.965,0.6,65.8,0.074,8,160,1.03898,3.39,0.69,11.7
"697",7.1,0.2,0.31,7.4,0.053,32,211,0.99587,3.31,0.59,10.4
"698",6.4,0.24,0.25,20.2,0.083,35,157,0.99976,3.17,0.5,9.1
"699",6.9,0.4,0.42,6.2,0.066,41,176,0.99552,3.12,0.54,9.4
"700",7.3,0.2,0.26,1.6,0.04,36,123,0.99238,3.34,0.44,10.8
"701",7.8,0.26,0.31,3.6,0.025,22,100,0.99066,2.99,0.47,12.1
"702",6,0.11,0.47,10.6,0.052,69,148,0.9958,2.91,0.34,9.3
"703",6.3,0.25,0.22,3.3,0.048,41,161,0.99256,3.16,0.5,10.5
"704",6.5,0.22,0.45,8,0.053,52,196,0.9959,3.23,0.48,9.1
"705",6.9,0.15,0.29,2.3,0.033,14,82,0.99132,3.1,0.58,11.2
"706",7.7,0.43,0.37,10,0.169,22,210,0.99776,3.02,0.64,9.5
"707",7.9,0.2,0.39,1,0.041,37,154,0.99093,3.08,0.43,11.9
"708",5.3,0.16,0.39,1,0.028,40,101,0.99156,3.57,0.59,10.6
"709",6.6,0.29,0.31,3.9,0.027,39,96,0.99035,3.24,0.6,12.6
"710",6.6,0.21,0.36,0.8,0.034,48,113,0.99165,3.24,0.68,10.5
"711",7.3,0.21,0.33,1,0.037,66,144,0.9923,3.11,0.52,10.2
"712",6.5,0.15,0.32,1.3,0.036,19,76,0.98964,3.18,0.41,12.3
"713",5.6,0.18,0.58,1.25,0.034,29,129,0.98984,3.51,0.6,12
"714",6.7,0.48,0.32,1.4,0.021,22,121,0.9889,3.15,0.53,12.7
"715",6.2,0.23,0.23,1.2,0.018,18,128,0.99178,3.05,0.28,10.6
"716",6.7,0.48,0.32,1.4,0.021,22,121,0.9889,3.15,0.53,12.7
"717",6.7,0.15,0.38,1.7,0.037,20,84,0.99046,3.09,0.53,11.4
"718",4.2,0.17,0.36,1.8,0.029,93,161,0.98999,3.65,0.89,12
"719",5.8,0.21,0.32,1.6,0.045,38,95,0.98946,3.23,0.94,12.4
"720",5.4,0.23,0.36,1.5,0.03,74,121,0.98976,3.24,0.99,12.1
"721",6.5,0.15,0.55,5.9,0.045,75,162,0.99482,2.97,0.4,9.3
"722",5.7,0.37,0.3,1.1,0.029,24,88,0.98883,3.18,0.39,11.7
"723",6.8,0.475,0.33,3.95,0.047,16,81,0.98988,3.23,0.53,13.4
"724",6.6,0.41,0.31,1.6,0.042,18,101,0.99195,3.13,0.41,10.5
"725",6.4,0.2,0.28,2.5,0.032,24,84,0.99168,3.31,0.55,11.5
"726",8.4,0.36,0.36,11.1,0.032,21,132,0.99313,2.95,0.39,13
"727",6.9,0.2,0.3,4.7,0.041,40,148,0.9932,3.16,0.35,10.2
"728",6.2,0.16,0.34,1.7,0.038,85,153,0.9909,3.33,0.86,12
"729",8.6,0.18,0.28,0.8,0.032,25,78,0.99104,2.99,0.38,11.1
"730",6.5,0.22,0.32,2.2,0.028,36,92,0.99076,3.27,0.59,11.9
"731",6.4,0.25,0.32,0.9,0.034,40,114,0.99114,3.31,0.58,10.8
"732",5.7,0.21,0.25,1.1,0.035,26,81,0.9902,3.31,0.52,11.4
"733",6.2,0.36,0.14,8.9,0.036,38,155,0.99622,3.27,0.5,9.4
"734",6.5,0.22,0.32,2.2,0.028,36,92,0.99076,3.27,0.59,11.9
"735",6.9,0.14,0.38,1,0.041,22,81,0.99043,3.03,0.54,11.4
"736",7.1,0.36,0.4,1.95,0.033,26,118,0.98934,3.2,0.45,13.5
"737",6.9,0.22,0.31,6.3,0.029,41,131,0.99326,3.08,0.49,10.8
"738",7.1,0.27,0.28,1.25,0.023,3,89,0.98993,2.95,0.3,11.4
"739",7.7,0.25,0.3,7.8,0.038,67,196,0.99555,3.1,0.5,10.1
"740",7.1,0.29,0.34,7.8,0.036,49,128,0.99397,3.21,0.4,10.7
"741",6.8,0.26,0.48,6.2,0.049,55,182,0.99582,3.21,0.45,9.4
"742",6,0.28,0.52,5,0.078,30,139,0.99494,3.1,0.36,9
"743",7.2,0.2,0.22,1.6,0.044,17,101,0.99471,3.37,0.53,10
"744",6.1,0.27,0.25,1.8,0.041,9,109,0.9929,3.08,0.54,9
"745",8.1,0.12,0.38,0.9,0.034,36,86,0.99026,2.8,0.55,12
"746",7.3,0.4,0.26,5.45,0.016,26,90,0.98951,2.84,0.54,13.2
"747",6.6,0.23,0.3,14.9,0.051,33,118,0.99835,3.04,0.54,9
"748",8.4,0.31,0.31,0.95,0.021,52,148,0.99038,2.93,0.32,11.5
"749",6.7,0.2,0.3,1.4,0.025,17,76,0.99104,3.11,0.44,11
"750",6.6,0.23,0.3,14.9,0.051,33,118,0.99835,3.04,0.54,9
"751",6.8,0.32,0.39,9.6,0.026,34,124,0.99286,3.18,0.35,12.1
"752",6.7,0.36,0.26,7.9,0.034,39,123,0.99119,2.99,0.3,12.2
"753",6,0.26,0.32,3.8,0.029,48,180,0.99011,3.15,0.34,12
"754",6.7,0.18,0.28,10.2,0.039,29,115,0.99469,3.11,0.45,10.9
"755",6.8,0.18,0.28,9.8,0.039,29,113,0.99406,3.11,0.45,10.9
"756",7.2,0.19,0.31,6.3,0.034,17,103,0.99305,3.15,0.52,11.4
"757",6.3,0.37,0.28,6.3,0.034,45,152,0.9921,3.29,0.46,11.6
"758",6.6,0.2,0.27,10.9,0.038,29,130,0.99496,3.11,0.44,10.5
"759",6,0.32,0.3,1.3,0.025,18,112,0.98802,3.07,0.64,13.3
"760",6.6,0.2,0.27,10.9,0.038,29,130,0.99496,3.11,0.44,10.5
"761",6.3,0.37,0.28,6.3,0.034,45,152,0.9921,3.29,0.46,11.6
"762",5,0.27,0.32,4.5,0.032,58,178,0.98956,3.45,0.31,12.6
"763",6.8,0.27,0.29,4.6,0.046,6,88,0.99458,3.34,0.48,10.6
"764",8,0.74,0.21,4,0.05,24,133,0.99418,3.06,0.38,9.7
"765",7.4,0.32,0.22,11.7,0.035,44,150,0.99578,3.1,0.45,10.4
"766",5.8,0.19,0.25,10.8,0.042,33,124,0.99646,3.22,0.41,9.2
"767",6.7,0.14,0.46,1.6,0.036,15,92,0.99264,3.37,0.49,10.9
"768",6.8,0.24,0.38,8.3,0.045,50,185,0.99578,3.15,0.5,9.5
"769",6.3,0.2,0.37,11.8,0.045,58,130,0.99519,3.2,0.35,10.8
"770",6.3,0.33,0.42,17.2,0.037,57,170,0.99884,3.26,0.57,9.4
"771",6,0.27,0.3,14.7,0.044,15,144,0.99666,3.12,0.53,10.3
"772",6.2,0.255,0.24,1.7,0.039,138.5,272,0.99452,3.53,0.53,9.6
"773",7.6,0.17,0.36,4.5,0.042,26,102,0.99427,3.09,0.47,9.5
"774",7,0.15,0.38,15.3,0.045,54,120,0.9975,3.18,0.42,9.8
"775",7.3,0.28,0.42,1.2,0.033,29,142,0.99205,3.17,0.43,10.7
"776",6.1,0.18,0.38,2.3,0.033,28,111,0.98962,3.16,0.49,12.4
"777",8.5,0.19,0.48,1.1,0.026,23,58,0.99184,2.9,0.5,10.5
"778",6.2,0.25,0.54,7,0.046,58,176,0.99454,3.19,0.7,10.4
"779",8.5,0.23,0.4,9.9,0.036,24,88,0.9951,3.02,0.42,10.5
"780",5.8,0.31,0.32,4.5,0.024,28,94,0.98906,3.25,0.52,13.7
"781",6.1,0.2,0.34,9.5,0.041,38,201,0.995,3.14,0.44,10.1
"782",6.2,0.36,0.38,3.2,0.031,20,89,0.98956,3.06,0.33,12
"783",6.6,0.17,0.35,2.6,0.03,33,78,0.99146,3.22,0.72,11.3
"784",7,0.25,0.45,2.3,0.045,40,118,0.99064,3.16,0.48,11.9
"785",9.7,0.24,0.49,4.9,0.032,3,18,0.99368,2.85,0.54,10
"786",9.7,0.24,0.49,4.9,0.032,3,18,0.99368,2.85,0.54,10
"787",6.8,0.13,0.39,1.4,0.034,19,102,0.99121,3.23,0.6,11.3
"788",6.7,0.34,0.4,2.1,0.033,34,111,0.98924,2.97,0.48,12.2
"789",6.7,0.14,0.51,4.3,0.028,57,124,0.99176,2.91,0.54,10.7
"790",6.5,0.29,0.26,7,0.04,18,113,0.99366,3.17,0.38,10.2
"791",7.7,0.26,0.51,2.6,0.045,26,159,0.99126,3,0.5,11.2
"792",7.6,0.35,0.46,14.7,0.047,33,151,0.99709,3.03,0.53,10.3
"793",7.6,0.23,0.34,1.6,0.043,24,129,0.99305,3.12,0.7,10.4
"794",6.3,0.17,0.32,4.2,0.04,37,117,0.99182,3.24,0.43,11.3
"795",6.5,0.24,0.39,17.3,0.052,22,126,0.99888,3.11,0.47,9.2
"796",7.2,0.17,0.37,6.9,0.059,47,128,0.99322,3.08,0.46,11
"797",7.6,0.3,0.38,2.1,0.043,10,98,0.99296,3.17,0.65,11
"798",5,0.24,0.21,2.2,0.039,31,100,0.99098,3.69,0.62,11.7
"799",6.1,0.21,0.38,1.5,0.039,37,122,0.98972,3.2,0.43,12
"800",5.5,0.19,0.27,0.9,0.04,52,103,0.99026,3.5,0.39,11.2
"801",6.2,0.23,0.36,17.2,0.039,37,130,0.99946,3.23,0.43,8.8
"802",6.2,0.23,0.36,17.2,0.039,37,130,0.99946,3.23,0.43,8.8
"803",6.1,0.17,0.42,15.1,0.033,28,124,0.99684,2.87,0.47,9.5
"804",7.1,0.36,0.37,4.8,0.019,39,114,0.99036,3.08,0.49,12.7
"805",6.9,0.19,0.32,7.9,0.042,30,130,0.99456,3.4,0.39,10.5
"806",6.2,0.19,0.38,5.1,0.019,22,82,0.98961,3.05,0.36,12.5
"807",6.7,0.33,0.34,7.5,0.036,39,124,0.99123,2.99,0.32,12.4
"808",7.8,0.21,0.34,11.9,0.039,55,140,0.9959,3.02,0.31,10.3
"809",6.5,0.24,0.38,1,0.027,31,90,0.98926,3.24,0.36,12.3
"810",8.3,0.16,0.37,7.9,0.025,38,107,0.99306,2.93,0.37,11.9
"811",5.5,0.12,0.33,1,0.038,23,131,0.99164,3.25,0.45,9.8
"812",5.7,0.16,0.32,1.2,0.036,7,89,0.99111,3.26,0.48,11
"813",6.4,0.22,0.38,9.1,0.044,35,127,0.99326,2.97,0.3,11
"814",6.8,0.28,0.34,7.5,0.035,34,177,0.99692,3.33,0.43,9.1
"815",6.6,0.29,0.39,6.75,0.031,22,98,0.9913,3.15,0.8,12.9
"816",5.2,0.335,0.2,1.7,0.033,17,74,0.99002,3.34,0.48,12.3
"817",7.1,0.14,0.33,1,0.104,20,54,0.99057,3.19,0.64,11.5
"818",6.5,0.29,0.25,2.5,0.142,8,111,0.9927,3,0.44,9.9
"819",6.6,0.24,0.38,12.75,0.034,8,74,0.99386,3.1,0.57,12.9
"820",6.6,0.16,0.34,1.1,0.037,41,115,0.9899,3.01,0.68,12
"821",6.6,0.33,0.4,2.65,0.041,35,86,0.98916,3.11,0.39,13.3
"822",5.7,0.2,0.3,2.5,0.046,38,125,0.99276,3.34,0.5,9.9
"823",6.8,0.27,0.37,8.2,0.055,52,192,0.99586,3.11,0.52,9.5
"824",6.4,0.16,0.42,1,0.036,29,113,0.9908,3.18,0.52,11
"825",7.7,0.27,0.49,3.8,0.037,46,139,0.99116,3.04,0.38,11.6
"826",6.7,0.24,0.37,11.3,0.043,64,173,0.99632,3.08,0.53,9.9
"827",7.1,0.26,0.37,5.5,0.025,31,105,0.99082,3.06,0.33,12.6
"828",7.4,0.19,0.31,14.5,0.045,39,193,0.9986,3.1,0.5,9.2
"829",6.3,0.32,0.32,1.5,0.03,24,101,0.98923,3.21,0.42,13
"830",6.5,0.26,0.31,3.6,0.03,36,92,0.99026,3.22,0.62,12.6
"831",7.5,0.33,0.36,2.6,0.051,26,126,0.99097,3.32,0.53,12.7
"832",6.5,0.32,0.34,5.7,0.044,27,91,0.99184,3.28,0.6,12
"833",7.5,0.22,0.32,2.4,0.045,29,100,0.99135,3.08,0.6,11.3
"834",6.4,0.23,0.32,1.9,0.038,40,118,0.99074,3.32,0.53,11.8
"835",6.4,0.16,0.25,1.4,0.057,21,125,0.99091,3.23,0.44,11.1
"836",7.4,0.16,0.32,1.4,0.065,23,140,0.99134,3.06,0.47,11.4
"837",6.7,0.12,0.36,2.3,0.039,43,125,0.99229,3.07,0.67,10.1
"838",6.6,0.2,0.14,4.4,0.184,35,168,0.99396,2.93,0.45,9.4
"839",8,0.34,0.25,6.4,0.035,38,103,0.99148,2.91,0.23,12.2
"840",7.3,0.25,0.28,1.5,0.043,19,113,0.99338,3.38,0.56,10.1
"841",7.8,0.25,0.37,1,0.043,10,80,0.99128,3.08,0.38,11.4
"842",6.7,0.46,0.27,5.2,0.039,35,96,0.99129,3.16,0.44,12.4
"843",6.3,0.3,0.29,2.1,0.048,33,142,0.98956,3.22,0.46,12.9
"844",6.6,0.435,0.38,9.2,0.058,66,243,0.99833,3.23,0.54,9.1
"845",5.8,0.18,0.37,1.2,0.036,19,74,0.98853,3.09,0.49,12.7
"846",5.8,0.18,0.37,1.1,0.036,31,96,0.98942,3.16,0.48,12
"847",6.6,0.16,0.35,1.8,0.042,26,105,0.98962,3.19,0.75,12.4
"848",6.6,0.17,0.28,1.8,0.042,62,178,0.99204,3.15,0.42,10.2
"849",6.9,0.38,0.29,13.65,0.048,52,189,0.99784,3,0.6,9.5
"850",6.9,0.38,0.29,13.65,0.048,52,189,0.99784,3,0.6,9.5
"851",6.9,0.38,0.29,13.65,0.048,52,189,0.99784,3,0.6,9.5
"852",6.2,0.3,0.31,1.2,0.048,19,125,0.98999,3.32,0.54,12.6
"853",6.7,0.18,0.24,10.3,0.057,64,185,0.99519,3.12,0.5,10.6
"854",6.6,0.16,0.21,6.7,0.055,43,157,0.99384,3.15,0.52,10.8
"855",6,0.22,0.28,1.1,0.034,47,90,0.98862,3.22,0.38,12.6
"856",5.3,0.32,0.23,9.65,0.026,26,119,0.99168,3.18,0.53,12.2
"857",7.2,0.22,0.28,7.2,0.06,41,132,0.9935,3.08,0.59,11.3
"858",6.2,0.3,0.21,1.1,0.032,31,111,0.9889,2.97,0.42,12.2
"859",6.9,0.28,0.24,2.1,0.034,49,121,0.98882,2.98,0.43,13.2
"860",6.1,0.28,0.27,4.7,0.03,56,140,0.99042,3.16,0.42,12.5
"861",7.6,0.36,0.49,11.3,0.046,87,221,0.9984,3.01,0.43,9.2
"862",6.4,0.22,0.32,4.9,0.046,50,156,0.99316,3.38,0.55,11.2
"863",6.4,0.32,0.31,1.9,0.037,34,126,0.99,3.06,0.45,11.8
"864",7.6,0.36,0.49,11.3,0.046,87,221,0.9984,3.01,0.43,9.2
"865",6.6,0.26,0.46,7.8,0.047,48,186,0.9958,3.2,0.54,9.1
"866",8.8,0.27,0.25,5,0.024,52,99,0.9925,2.87,0.49,11.4
"867",6.1,0.33,0.32,7.8,0.052,52,183,0.99657,3.39,0.65,9.5
"868",6.2,0.23,0.35,0.7,0.051,24,111,0.9916,3.37,0.43,11
"869",6.8,0.24,0.29,9.5,0.042,56,157,0.99586,3.11,0.51,10.1
"870",7.2,0.37,0.4,11.6,0.032,34,214,0.9963,3.1,0.51,9.8
"871",6.1,0.3,0.3,2.1,0.031,50,163,0.9895,3.39,0.43,12.7
"872",7.1,0.18,0.39,14.5,0.051,48,156,0.99947,3.35,0.78,9.1
"873",6.4,0.32,0.27,4.9,0.034,18,122,0.9916,3.36,0.71,12.5
"874",7.1,0.17,0.4,14.55,0.047,47,156,0.99945,3.34,0.78,9.1
"875",6.7,0.4,0.22,8.8,0.052,24,113,0.99576,3.22,0.45,9.4
"876",7.1,0.25,0.28,1.2,0.04,31,111,0.99174,3.18,0.53,11.1
"877",6.7,0.3,0.44,18.75,0.057,65,224,0.99956,3.11,0.53,9.1
"878",6.6,0.21,0.29,5.35,0.029,43,106,0.99112,2.93,0.43,11.5
"879",6.1,0.105,0.31,1.3,0.037,55,145,0.9912,3.41,0.41,11.1
"880",7.6,0.22,0.28,12,0.056,68,143,0.9983,2.99,0.3,9.2
"881",6.8,0.19,0.4,9.85,0.055,41,103,0.99532,2.98,0.56,10.5
"882",6.7,0.16,0.36,2,0.045,24,131,0.99284,3.3,0.59,10.5
"883",6.5,0.3,0.27,4,0.038,37,97,0.99026,3.2,0.6,12.6
"884",6.5,0.3,0.27,4,0.038,37,97,0.99026,3.2,0.6,12.6
"885",6.1,0.36,0.26,8.15,0.035,14,88,0.99031,3.06,0.27,13
"886",6.2,0.37,0.24,6.1,0.032,19,86,0.98934,3.04,0.26,13.4
"887",6.9,0.28,0.33,1.2,0.039,16,98,0.9904,3.07,0.39,11.7
"888",6.5,0.22,0.19,1.1,0.064,36,191,0.99297,3.05,0.5,9.5
"889",6,0.28,0.27,15.5,0.036,31,134,0.99408,3.19,0.44,13
"890",6.3,0.22,0.28,2.4,0.042,38,102,0.98998,3.14,0.37,11.6
"891",6,0.24,0.28,3.95,0.038,61,134,0.99146,3.3,0.54,11.3
"892",6.4,0.3,0.36,2,0.052,18,141,0.99273,3.38,0.53,10.5
"893",6.7,0.24,0.36,8.4,0.042,42,123,0.99473,3.34,0.52,10.9
"894",6.4,0.26,0.25,10.7,0.046,66,179,0.99606,3.17,0.55,9.9
"895",7.2,0.33,0.34,2,0.044,61,171,0.98947,3.25,0.53,13.3
"896",6.4,0.28,0.44,7.1,0.048,49,179,0.99528,3.15,0.48,9.2
"897",6.6,0.22,0.3,14.7,0.045,50,136,0.99704,3.14,0.37,10.6
"898",8.1,0.26,0.27,4.3,0.03,43,123,0.99212,3.16,0.33,11.2
"899",6.6,0.23,0.37,8.5,0.036,46,153,0.99576,3.2,0.48,9.4
"900",6,0.33,0.2,1.8,0.031,49,159,0.9919,3.41,0.53,11
"901",7.3,0.2,0.29,19.5,0.039,69,237,1.00037,3.1,0.48,9.2
"902",7.2,0.14,0.32,1.1,0.022,48,116,0.99218,3.04,0.67,10
"903",8.1,0.2,0.28,0.9,0.023,49,87,0.99062,2.92,0.36,11.1
"904",7.5,0.34,0.24,3.85,0.031,5,34,0.99098,3.01,0.36,11.8
"905",6.6,0.64,0.28,4.4,0.032,19,78,0.99036,3.11,0.62,12.9
"906",7,0.48,0.12,4.5,0.05,23,86,0.99398,2.86,0.35,9
"907",7.8,0.15,0.34,1.1,0.035,31,93,0.99096,3.07,0.72,11.3
"908",8,0.25,0.27,9.7,0.036,15,85,0.99406,2.99,0.36,11.2
"909",7.4,0.25,0.28,7.25,0.028,14,78,0.99238,2.94,0.37,11.5
"910",7.4,0.25,0.28,7.25,0.028,14,78,0.99238,2.94,0.37,11.5
"911",7,0.24,0.35,1,0.032,42,104,0.98988,3.16,0.37,11.7
"912",6.6,0.19,0.35,1.5,0.037,37,107,0.99006,3.18,0.68,12
"913",5.6,0.28,0.27,3.9,0.043,52,158,0.99202,3.35,0.44,10.7
"914",6.7,0.35,0.48,8.8,0.056,35,167,0.99628,3.04,0.47,9.4
"915",7,0.16,0.25,14.3,0.044,27,149,0.998,2.91,0.46,9.2
"916",7,0.16,0.25,14.3,0.044,27,149,0.998,2.91,0.46,9.2
"917",6.8,0.45,0.28,26.05,0.031,27,122,1.00295,3.06,0.42,10.6
"918",7.1,0.27,0.24,12.6,0.044,48,118,0.99726,3.04,0.56,10
"919",7.2,0.24,0.3,1.2,0.037,11,95,0.98914,2.96,0.36,12.5
"920",7.7,0.32,0.61,11.8,0.041,66,188,0.99794,3,0.54,9.3
"921",6.4,0.37,0.2,5.6,0.117,61,183,0.99459,3.24,0.43,9.5
"922",6.6,0.3,0.25,8,0.036,21,124,0.99362,3.06,0.38,10.8
"923",6.6,0.3,0.25,8,0.036,21,124,0.99362,3.06,0.38,10.8
"924",5.8,0.58,0,1.5,0.02,33,96,0.98918,3.29,0.38,12.4
"925",6,0.25,0.4,5.7,0.052,56,152,0.99398,3.16,0.88,10.5
"926",6.8,0.19,0.33,4.9,0.047,42,130,0.99283,3.12,0.56,11
"927",6.4,0.24,0.23,2,0.046,30,133,0.9908,3.12,0.54,11.4
"928",6.3,0.32,0.17,17.75,0.06,51,190,0.99916,3.13,0.48,8.8
"929",6.8,0.18,0.32,7.2,0.047,17,109,0.99498,3.42,0.44,10.4
"930",5.4,0.53,0.16,2.7,0.036,34,128,0.98856,3.2,0.53,13.2
"931",5.9,0.37,0.32,1.6,0.029,41,102,0.98916,3.41,0.55,12.7
"932",6.8,0.3,0.29,6.2,0.025,29,95,0.99071,3.03,0.32,12.9
"933",6.4,0.15,0.4,1.3,0.053,61,146,0.99112,3.17,0.68,11
"934",6.6,0.26,0.22,18.15,0.05,23,139,0.99904,3.06,0.5,9.2
"935",6.7,0.31,0.09,1.4,0.039,53,141,0.99206,3.12,0.44,10.1
"936",6.6,0.28,0.23,10.4,0.049,45,190,0.99754,3.12,0.51,8.8
"937",6.5,0.35,0.38,7.4,0.036,20,196,0.99712,3.47,0.48,9.1
"938",6.6,0.3,0.45,8,0.038,54,200,0.9956,3.18,0.48,9.5
"939",6.2,0.22,0.2,20.8,0.035,58,184,1.00022,3.11,0.53,9
"940",6.5,0.19,0.34,1.6,0.029,39,116,0.98954,3.21,0.68,12.5
"941",6,0.21,0.29,13.1,0.042,28,125,0.99936,3.39,0.45,8.6
"942",6.1,0.22,0.46,1.8,0.16,34,74,0.9884,3.19,0.33,13.4
"943",7,0.15,0.28,14.7,0.051,29,149,0.99792,2.96,0.39,9
"944",7,0.15,0.28,14.7,0.051,29,149,0.99792,2.96,0.39,9
"945",7.4,0.27,0.28,1.8,0.04,45,121,0.99043,3.02,0.4,11.9
"946",5.5,0.17,0.23,2.9,0.039,10,108,0.99243,3.28,0.5,10
"947",7.8,0.19,0.32,7.4,0.015,47,124,0.99278,2.99,0.39,11
"948",6.5,0.26,0.34,1.4,0.04,25,184,0.99216,3.29,0.46,10.7
"949",5.4,0.46,0.15,2.1,0.026,29,130,0.98953,3.39,0.77,13.4
"950",6.9,0.4,0.17,12.9,0.033,59,186,0.99754,3.08,0.49,9.4
"951",6.9,0.33,0.31,7.7,0.04,29,135,0.99226,3.11,0.57,12.3
"952",6.5,0.32,0.45,7.7,0.022,31,97,0.99134,3.2,0.7,12.7
"953",6.7,0.42,0.39,12.1,0.04,61,248,0.99794,3.31,0.58,9.7
"954",6.4,0.27,0.45,8.3,0.05,52,196,0.9955,3.18,0.48,9.5
"955",6.5,0.26,0.5,8,0.051,46,197,0.99536,3.18,0.47,9.5
"956",5.5,0.24,0.45,1.7,0.046,22,113,0.99224,3.22,0.48,10
"957",7,0.39,0.21,10.7,0.098,13,91,0.99657,3.03,0.47,9.3
"958",7.9,0.21,0.39,2,0.057,21,138,0.99176,3.05,0.52,10.9
"959",8.1,0.2,0.3,1.3,0.036,7,49,0.99242,2.99,0.73,10.3
"960",6.8,0.21,0.62,6.4,0.041,7,113,0.99358,2.96,0.59,10.2
"961",7,0.3,0.28,2.2,0.042,21,177,0.99166,3.2,0.57,11.4
"962",7.4,0.34,0.28,12.1,0.049,31,149,0.99677,3.22,0.49,10.3
"963",6.8,0.41,0.3,8.8,0.045,28,131,0.9953,3.12,0.59,9.9
"964",7.3,0.24,0.3,2.5,0.042,31,104,0.9911,3.05,0.56,11.3
"965",5.1,0.23,0.18,1,0.053,13,99,0.98956,3.22,0.39,11.5
"966",6.3,0.4,0.24,5.1,0.036,43,131,0.99186,3.24,0.44,11.3
"967",6.8,0.31,0.19,3.5,0.086,30,130,0.993,2.83,0.44,9.6
"968",6.8,0.31,0.19,3.5,0.086,30,130,0.993,2.83,0.44,9.6
"969",6.6,0.21,0.5,8.7,0.036,41,191,0.99294,2.96,0.56,11
"970",5.9,0.17,0.29,3.1,0.03,32,123,0.98913,3.41,0.33,13.7
"971",5.9,0.2,0.23,1.5,0.037,38,93,0.99021,3.36,0.49,12
"972",5.9,0.2,0.23,1.5,0.037,38,93,0.99021,3.36,0.49,12
"973",6,0.31,0.38,4.8,0.04,41,101,0.98968,3.24,0.56,13.1
"974",8.4,0.23,0.32,1.3,0.048,59,113,0.99178,3.1,0.55,11
"975",7.3,0.25,0.26,7.2,0.048,52,207,0.99587,3.12,0.37,9.2
"976",6,0.28,0.24,17.8,0.047,42,111,0.99896,3.1,0.45,8.9
"977",6,0.28,0.24,17.8,0.047,42,111,0.99896,3.1,0.45,8.9
"978",6.4,0.38,0.26,8.2,0.043,28,98,0.99234,2.99,0.31,11.4
"979",5.9,0.435,0.16,6.4,0.031,21,134,0.99151,3.24,0.46,12.2
"980",7,0.25,0.33,2.1,0.021,17,76,0.99021,3.26,0.45,12.3
"981",6,0.21,0.3,8.7,0.036,47,127,0.99368,3.18,0.39,10.6
"982",6.1,0.22,0.38,2.8,0.144,12,65,0.9908,2.95,0.64,11.4
"983",5,0.455,0.18,1.9,0.036,33,106,0.98746,3.21,0.83,14
"984",6.5,0.33,0.3,3.8,0.036,34,88,0.99028,3.25,0.63,12.5
"985",6.4,0.35,0.28,1.6,0.037,31,113,0.98779,3.12,0.4,14.2
"986",6.7,0.31,0.3,2.4,0.038,30,83,0.98867,3.09,0.36,12.8
"987",8.6,0.31,0.3,0.9,0.045,16,109,0.99249,2.95,0.39,10.1
"988",6.9,0.14,0.29,9.9,0.056,30,91,0.99512,3.19,0.33,9.9
"989",6.9,0.22,0.28,7.8,0.05,43,116,0.99326,3.22,0.6,11.5
"990",7.3,0.27,0.3,1.3,0.04,26,84,0.99222,3.28,0.53,10.7
"991",7,0.46,0.2,16.7,0.046,50,184,0.99898,3.08,0.56,9.4
"992",5.7,0.23,0.25,7.95,0.042,16,108,0.99486,3.44,0.61,10.3
"993",6.9,0.4,0.37,8.9,0.053,36,148,0.996,3.16,0.5,9.3
"994",6.1,0.3,0.32,2.2,0.042,41,142,0.98952,3.31,0.44,12.7
"995",5.7,0.14,0.3,5.4,0.045,26,105,0.99469,3.32,0.45,9.3
"996",7,0.16,0.3,2.6,0.043,34,90,0.99047,2.88,0.47,11.2
"997",8.4,0.22,0.3,1.3,0.038,45,122,0.99178,3.13,0.54,10.8
"998",6.3,0.33,0.2,17.9,0.066,36,161,0.9991,3.14,0.51,8.8
"999",7.7,0.31,0.36,4.3,0.026,15,87,0.99152,3.11,0.48,12
"1000",6,0.34,0.32,3.8,0.044,13,116,0.99108,3.39,0.44,11.8
"1001",5.4,0.185,0.19,7.1,0.048,36,110,0.99438,3.26,0.41,9.5
"1002",6.3,0.27,0.51,7.6,0.049,35,200,0.99548,3.16,0.54,9.4
"1003",6.3,0.27,0.51,7.6,0.049,35,200,0.99548,3.16,0.54,9.4
"1004",6.8,0.11,0.27,8.6,0.044,45,104,0.99454,3.2,0.37,9.9
"1005",6.8,0.11,0.27,8.6,0.044,45,104,0.99454,3.2,0.37,9.9
"1006",7.3,0.23,0.41,14.6,0.048,73,223,0.99863,3.16,0.71,9.4
"1007",6.9,0.2,0.41,1.1,0.06,36,104,0.99317,2.99,0.39,9.2
"1008",6.7,0.28,0.34,8.9,0.048,32,111,0.99455,3.25,0.54,11
"1009",6.4,0.24,0.49,5.8,0.053,25,120,0.9942,3.01,0.98,10.5
"1010",6.4,0.25,0.57,1,0.062,21,122,0.99238,3,0.4,9.5
"1011",6,0.26,0.29,3.1,0.041,37,144,0.98944,3.22,0.39,12.8
"1012",7.2,0.4,0.24,8.5,0.055,45,151,0.99626,3.2,0.52,9.2
"1013",6.2,0.32,0.12,4.8,0.054,6,97,0.99424,3.16,0.5,9.3
"1014",6.4,0.37,0.12,5.9,0.056,6,91,0.99536,3.06,0.46,8.4
"1015",7,0.23,0.42,1.1,0.062,35,100,0.99318,3.04,0.4,9.2
"1016",7.6,0.19,0.37,13.1,0.033,52,151,0.99726,3.18,0.79,10.4
"1017",6,0.28,0.27,4.1,0.046,50,147,0.99126,3.27,0.56,11.6
"1018",5.9,0.25,0.27,1.5,0.029,37,81,0.9892,3.2,0.46,12.2
"1019",6.9,0.19,0.38,1.15,0.023,30,105,0.99047,3.11,0.38,11.4
"1020",6.4,0.29,0.57,1,0.06,15,120,0.9924,3.06,0.41,9.5
"1021",7.5,0.26,0.38,5.7,0.021,23,125,0.99338,3.13,0.62,11.1
"1022",7.2,0.17,0.28,17.55,0.05,33,154,0.99971,2.94,0.43,9
"1023",6.9,0.19,0.35,13.5,0.038,49,118,0.99546,3,0.63,10.7
"1024",6.8,0.16,0.36,1.3,0.034,32,98,0.99058,3.02,0.58,11.3
"1025",6.2,0.24,0.22,7.9,0.053,45,149,0.99545,3.23,0.52,9.3
"1026",7.4,0.16,0.27,15.5,0.05,25,135,0.9984,2.9,0.43,8.7
"1027",6.5,0.43,0.18,13.15,0.032,25,131,0.99565,3.23,0.51,10.7
"1028",6.9,0.19,0.35,13.5,0.038,49,118,0.99546,3,0.63,10.7
"1029",7.4,0.36,0.32,1.9,0.036,27,119,0.99196,3.15,0.49,11.2
"1030",6.1,0.17,0.21,1.9,0.09,44,130,0.99255,3.07,0.41,9.7
"1031",6.9,0.38,0.28,8.3,0.062,22,166,0.99506,3.16,0.72,10.6
"1032",7.4,0.37,0.26,9.6,0.05,33,134,0.99608,3.13,0.46,10.4
"1033",5.7,0.25,0.21,1.5,0.044,21,108,0.99142,3.3,0.59,11
"1034",5.7,0.25,0.26,12.5,0.049,52.5,106,0.99691,3.08,0.45,9.4
"1035",5.9,0.23,0.28,8.6,0.046,37,142,0.99432,3.23,0.53,10.6
"1036",6.8,0.27,0.24,4.6,0.098,36,127,0.99412,3.15,0.49,9.6
"1037",6.4,0.5,0.2,2.4,0.059,19,112,0.99314,3.18,0.4,9.2
"1038",8,0.25,0.35,1.1,0.054,13,136,0.99366,3.08,0.55,9.5
"1039",6.3,0.29,0.23,14.2,0.037,24,99,0.99528,3.08,0.38,10.6
"1040",6.9,0.37,0.23,9.5,0.057,54,166,0.99568,3.23,0.42,10
"1041",6.9,0.45,0.27,4.7,0.035,17,80,0.99058,3.12,0.36,12.5
"1042",6.7,0.28,0.42,3.5,0.035,43,105,0.99021,3.18,0.38,12.2
"1043",6.2,0.35,0.2,18.1,0.069,33,158,0.99908,3.15,0.5,8.8
"1044",6.5,0.4,0.31,3.5,0.046,22,147,0.99024,3.15,0.31,12
"1045",6.3,0.34,0.31,6,0.02,18,68,0.98981,3.22,0.29,13.4
"1046",7.4,0.31,0.26,8.6,0.048,47,206,0.9964,3.26,0.36,9.1
"1047",7.4,0.31,0.26,8.6,0.048,47,206,0.9964,3.26,0.36,9.1
"1048",6.8,0.28,0.29,11.9,0.052,51,149,0.99544,3.02,0.58,10.4
"1049",6.1,0.25,0.28,10,0.055,56,131,0.994,3.22,0.35,10.9
"1050",6.8,0.28,0.29,11.9,0.052,51,149,0.99544,3.02,0.58,10.4
"1051",6.8,0.26,0.29,11.9,0.052,54,160,0.99546,3.03,0.58,10.4
"1052",7.1,0.13,0.29,15.5,0.064,56,115.5,0.99737,3.16,0.41,9.7
"1053",7.4,0.26,0.32,3.7,0.032,29,193,0.99134,3.1,0.67,12.5
"1054",6.2,0.2,0.25,15,0.055,8,120,0.99767,3.19,0.53,9.6
"1055",7.4,0.16,0.3,13.7,0.056,33,168,0.99825,2.9,0.44,8.7
"1056",6.3,0.24,0.22,11.9,0.05,65,179,0.99659,3.06,0.58,9.3
"1057",6.9,0.35,0.39,2.4,0.048,25,157,0.99133,3.2,0.54,11.1
"1058",6.5,0.31,0.61,13,0.053,31,123,0.99708,3.09,0.5,9.3
"1059",6.4,0.21,0.21,5.1,0.097,21,105,0.9939,3.07,0.46,9.6
"1060",8.1,0.27,0.33,1.3,0.045,26,100,0.99066,2.98,0.44,12.4
"1061",5.8,0.22,0.29,1.3,0.036,25,68,0.98865,3.24,0.35,12.6
"1062",5.6,0.23,0.29,3.1,0.023,19,89,0.99068,3.25,0.51,11.2
"1063",6.6,0.23,0.32,1.7,0.024,26,102,0.99084,3.29,0.6,11.8
"1064",6,0.17,0.21,6,0.05,26,134,0.9939,3.08,0.54,9.8
"1065",7.1,0.38,0.42,11.8,0.041,32,193,0.99624,3.04,0.49,10
"1066",6.3,0.28,0.34,8.1,0.038,44,129,0.99248,3.26,0.29,12.1
"1067",7.5,0.35,0.37,2.5,0.066,29,89,0.98964,3.14,0.42,12.7
"1068",6.4,0.29,0.18,15,0.04,21,116,0.99736,3.14,0.5,9.2
"1069",6.8,0.26,0.26,2,0.019,23.5,72,0.99041,3.16,0.47,11.8
"1070",6.2,0.36,0.22,5.25,0.038,44,145,0.99184,3.22,0.4,11.2
"1071",6,0.31,0.27,2.3,0.042,19,120,0.98952,3.32,0.41,12.7
"1072",5.7,0.22,0.29,3.5,0.04,27,146,0.98999,3.17,0.36,12.1
"1073",7.1,0.46,0.23,13.7,0.045,44,192,0.9981,3.11,0.53,9.4
"1074",5.7,0.26,0.24,17.8,0.059,23,124,0.99773,3.3,0.5,10.1
"1075",6,0.2,0.26,6.8,0.049,22,93,0.9928,3.15,0.42,11
"1076",6,0.2,0.26,6.8,0.049,22,93,0.9928,3.15,0.42,11
"1077",6,0.2,0.26,6.8,0.049,22,93,0.9928,3.15,0.42,11
"1078",7,0.2,0.33,4.7,0.03,25,76,0.99202,2.88,0.54,10.5
"1079",7.2,0.21,0.36,15.7,0.045,68,183,0.99922,3.25,0.76,9.4
"1080",7.4,0.22,0.28,9,0.046,22,121,0.99468,3.1,0.55,10.8
"1081",6.9,0.22,0.32,5.8,0.041,20,119,0.99296,3.17,0.55,11.2
"1082",6.3,0.28,0.3,6.6,0.208,60,154,0.99478,3.1,0.4,9.4
"1083",6.4,0.29,0.3,6.5,0.209,62,156,0.99478,3.1,0.4,9.4
"1084",6.1,0.24,0.27,11.5,0.05,51,133,0.99476,3.22,0.37,10.8
"1085",6.6,0.34,0.25,4.8,0.038,16,121,0.99198,3.36,0.71,12.6
"1086",6.4,0.27,0.3,1.6,0.04,19,86,0.99089,3.32,0.65,11.5
"1087",6.3,0.28,0.22,11.5,0.036,27,150,0.99445,3,0.33,10.6
"1088",6.4,0.24,0.26,8.2,0.054,47,182,0.99538,3.12,0.5,9.5
"1089",6.4,0.42,0.19,9.3,0.043,28,145,0.99433,3.23,0.53,10.98
"1090",6.4,0.23,0.26,8.1,0.054,47,181,0.9954,3.12,0.49,9.4
"1091",7.3,0.19,0.27,13.9,0.057,45,155,0.99807,2.94,0.41,8.8
"1092",6.7,0.27,0.69,1.2,0.176,36,106,0.99288,2.96,0.43,9.2
"1093",7.1,0.2,0.35,3.2,0.034,21,107,0.99195,3.11,0.54,11.1
"1094",7.6,0.31,0.52,13.2,0.042,61,148,0.99839,2.98,0.47,9.1
"1095",6.4,0.31,0.28,2.5,0.039,34,137,0.98946,3.22,0.38,12.7
"1096",6.5,0.23,0.2,7.5,0.05,44,179,0.99504,3.18,0.48,9.53333333333333
"1097",6.4,0.29,0.21,9.65,0.041,36,119,0.99334,2.99,0.34,10.9333333333333
"1098",6.1,0.26,0.28,1.7,0.043,24,98,0.98918,3.14,0.44,12.5
"1099",6.5,0.315,0.2,6.6,0.041,9,126,0.99494,2.94,0.51,8.8
"1100",6.4,0.3,0.27,5,0.058,27,151,0.99198,3.22,0.49,12.2
"1101",6,0.27,0.31,5,0.043,54,170,0.9924,3.28,0.52,11
"1102",7.1,0.38,0.29,13.6,0.041,30,137,0.99461,3.02,0.96,12.1
"1103",6.3,0.29,0.29,3.3,0.037,32,140,0.9895,3.17,0.36,12.8
"1104",5.8,0.3,0.38,4.9,0.039,22,86,0.98963,3.23,0.58,13.1
"1105",6.6,0.22,0.23,17.3,0.047,37,118,0.99906,3.08,0.46,8.8
"1106",6.1,0.31,0.34,2.8,0.042,59.5,162,0.99179,3.27,0.47,10.8
"1107",6.7,0.28,0.28,4.5,0.051,14,92,0.99224,3.36,0.58,11.9
"1108",6.7,0.34,0.31,16.4,0.051,20,146,0.99834,3.06,0.54,9.1
"1109",6.6,0.27,0.25,1.2,0.033,36,111,0.98918,3.16,0.37,12.4
"1110",5,0.35,0.25,7.8,0.031,24,116,0.99241,3.39,0.4,11.3
"1111",5,0.35,0.25,7.8,0.031,24,116,0.99241,3.39,0.4,11.3
"1112",6.6,0.38,0.29,2.9,0.035,15,101,0.98916,3.04,0.37,12.5
"1113",7.1,0.42,0.2,2.8,0.038,28,109,0.98968,3.23,0.47,13.4
"1114",6.2,0.21,0.24,1.2,0.051,31,95,0.99036,3.24,0.57,11.3
"1115",6.4,0.32,0.26,7.9,0.05,53,180,0.99514,3.14,0.5,9.6
"1116",6.4,0.32,0.26,7.9,0.05,53,180,0.99514,3.14,0.5,9.6
"1117",6.4,0.32,0.26,7.9,0.05,53,180,0.99514,3.14,0.5,9.6
"1118",6.4,0.15,0.25,7.8,0.05,13,68,0.99394,3.16,0.4,9.9
"1119",6.7,0.48,0.49,2.9,0.03,28,122,0.98926,3.13,0.4,13
"1120",7.5,0.24,0.29,1.1,0.046,34,84,0.9902,3.04,0.39,11.45
"1121",6.8,0.2,0.25,6.2,0.052,22,106,0.9935,3.09,0.54,10.8
"1122",6.5,0.32,0.23,8.5,0.051,20,138,0.9943,3.03,0.42,10.7
"1123",7.1,0.28,0.26,2.8,0.039,50,118,0.9908,3.06,0.59,11.2
"1124",6.2,0.32,0.32,2.2,0.036,15,70,0.9899,3.16,0.48,12.7
"1125",9,0.2,0.33,3.5,0.049,10,40,0.9944,3.14,0.36,9.8
"1126",5.8,0.31,0.31,7.5,0.052,55,230,0.9949,3.19,0.46,9.8
"1127",6.7,0.18,0.25,14.3,0.048,79,149,0.9975,3.12,0.37,9.7
"1128",5.8,0.13,0.22,12.7,0.058,24,183,0.9956,3.32,0.42,11.7
"1129",5.8,0.27,0.22,12.7,0.058,42,206,0.9946,3.32,0.38,12.3
"1130",7.3,0.28,0.54,12.9,0.049,62,162.5,0.9984,3.06,0.45,9.1
"1131",8.3,0.18,0.37,1.2,0.049,6,94,0.9937,3.18,0.52,10.1
"1132",7.1,0.09,0.3,6.2,0.032,24,134,0.993,2.99,0.39,10.9
"1133",8.3,0.14,0.36,8.8,0.026,13,60,0.9956,3.13,0.35,11.05
"1134",6.4,0.46,0.22,14.7,0.047,51,183,0.998275,3.39,0.6,10.5
"1135",5.7,0.28,0.3,3.9,0.026,36,105,0.98963,3.26,0.58,12.75
"1136",6,0.23,0.34,1.3,0.025,23,111,0.98961,3.36,0.37,12.7
"1137",6.9,0.22,0.32,9.3,0.04,22,110,0.9958,3.34,0.54,10.7
"1138",5.6,0.18,0.3,10.2,0.028,28,131,0.9954,3.49,0.42,10.8
"1139",8.6,0.36,0.26,11.1,0.03,43.5,171,0.9948,3.03,0.49,12
"1140",6.4,0.3,0.27,4.4,0.055,17,135,0.9925,3.23,0.44,12.2
"1141",6.1,0.35,0.24,2.3,0.034,25,133,0.9906,3.34,0.59,12
"1142",6.3,0.15,0.34,11.4,0.05,25,96,0.99754,3.21,0.49,10
"1143",5.7,0.2,0.24,13.8,0.047,44,112,0.99837,2.97,0.66,8.8
"1144",6.4,0.33,0.3,7.2,0.041,42,168,0.99331,3.22,0.49,11.1
"1145",6.7,0.45,0.3,5.3,0.036,27,165,0.99122,3.12,0.46,12.2
"1146",6.5,0.36,0.31,13.55,0.053,20,113,0.99544,3.2,0.56,11
"1147",6.9,0.23,0.35,6.9,0.03,45,116,0.99244,2.8,0.54,11
"1148",5.2,0.5,0.18,2,0.036,23,129,0.98949,3.36,0.77,13.4
"1149",7.5,0.305,0.38,1.4,0.047,30,95,0.99158,3.22,0.52,11.5
"1150",8.3,0.49,0.23,6.65,0.034,6,158,0.99344,3.05,0.48,11.2
"1151",6.1,0.19,0.37,2.6,0.041,24,99,0.99153,3.18,0.5,10.9
"1152",6,0.24,0.41,1.3,0.036,42,118,0.99018,3.04,0.64,11.75
"1153",6.8,0.29,0.22,3.4,0.035,40,122,0.99024,3.09,0.47,12.3
"1154",6,0.29,0.41,10.8,0.048,55,149,0.9937,3.09,0.59,10.9666666666667
"1155",6,0.29,0.41,10.8,0.048,55,149,0.9937,3.09,0.59,11
"1156",6.6,0.33,0.41,2,0.027,14,79,0.99063,3.27,0.63,12.4
"1157",7.3,0.17,0.36,8.2,0.028,44,111,0.99272,3.14,0.41,12.4
"1158",6,0.17,0.33,6,0.036,30,111,0.99362,3.32,0.58,10.1333333333333
"1159",7.3,0.17,0.36,8.2,0.028,44,111,0.99272,3.14,0.41,12.4
"1160",5.9,0.44,0.33,1.2,0.049,12,117,0.99134,3.46,0.44,11.5
"1161",4.7,0.335,0.14,1.3,0.036,69,168,0.99212,3.47,0.46,10.5
"1162",5.6,0.27,0.37,0.9,0.025,11,49,0.98845,3.29,0.33,13.1
"1163",6.8,0.32,0.33,0.7,0.027,15,66,0.9899,3.11,0.31,11.8
"1164",6,0.24,0.34,1,0.036,52,184,0.99097,3.44,0.44,11.45
"1165",6.7,0.16,0.32,12.5,0.035,18,156,0.99666,2.88,0.36,9
"1166",6,0.36,0.32,1.1,0.053,26,173,0.99414,3.38,0.54,8.8
"1167",6.1,0.15,0.4,1.2,0.03,19,84,0.98926,3.19,0.96,13
"1168",7,0.27,0.74,1.3,0.173,34,121,0.99334,3.04,0.46,9.2
"1169",6.3,0.36,0.5,8.3,0.053,51,202,0.9955,3.2,0.51,9.6
"1170",6.1,0.22,0.4,1.85,0.031,25,111,0.98966,3.03,0.3,11.8
"1171",5.5,0.315,0.38,2.6,0.033,10,69,0.9909,3.12,0.59,10.8
"1172",6.7,0.15,0.32,7.9,0.034,17,81,0.99512,3.29,0.31,10
"1173",6,0.25,0.28,7.7,0.053,37,132,0.99489,3.06,0.5,9.4
"1174",6.1,0.32,0.33,10.7,0.036,27,98,0.99521,3.34,0.52,10.2
"1175",6.9,0.31,0.33,12.7,0.038,33,116,0.9954,3.04,0.65,10.4
"1176",6,0.25,0.28,7.7,0.053,37,132,0.99489,3.06,0.5,9.4
"1177",7.2,0.21,0.31,10.5,0.035,36,122,0.99478,3.12,0.4,10.6
"1178",7.9,0.3,0.6,1.85,0.048,13,106,0.99331,3.24,0.49,11.85
"1179",5.3,0.31,0.38,10.5,0.031,53,140,0.99321,3.34,0.46,11.7
"1180",5.2,0.185,0.22,1,0.03,47,123,0.99218,3.55,0.44,10.15
"1181",6.3,0.23,0.5,10.4,0.043,61,132,0.99542,2.86,0.46,9.1
"1182",5.6,0.26,0.5,11.4,0.029,25,93,0.99428,3.23,0.49,10.5
"1183",6,0.14,0.37,1.2,0.032,63,148,0.99185,3.32,0.44,11.2
"1184",5.5,0.16,0.26,1.5,0.032,35,100,0.99076,3.43,0.77,12
"1185",6.4,0.19,0.35,10.2,0.043,40,106,0.99632,3.16,0.5,9.7
"1186",6.6,0.29,0.73,2.2,0.027,21,92,0.99,3.12,0.48,12.4
"1187",5.2,0.3,0.34,1.5,0.038,18,96,0.98942,3.56,0.48,13
"1188",6.4,0.32,0.25,5,0.055,28,138,0.99171,3.27,0.5,12.4
"1189",6.6,0.19,0.25,1.2,0.052,34,181,0.99352,3.3,0.42,9.4
"1190",5.8,0.27,0.4,1.2,0.076,47,130,0.99185,3.13,0.45,10.3
"1191",6.7,0.3,0.5,12.1,0.045,38,127,0.9974,3.04,0.53,8.9
"1192",6.9,0.25,0.29,2.4,0.038,28,76,0.99088,3.01,0.36,11.7
"1193",4.4,0.32,0.39,4.3,0.03,31,127,0.98904,3.46,0.36,12.8
"1194",3.9,0.225,0.4,4.2,0.03,29,118,0.989,3.57,0.36,12.8
"1195",6.4,0.31,0.31,12.9,0.045,55,161,0.99546,3.02,0.59,10.2
"1196",6.2,0.3,0.42,2.2,0.036,28,128,0.9901,3.13,0.38,11.6
"1197",4.7,0.785,0,3.4,0.036,23,134,0.98981,3.53,0.92,13.8
"1198",6,0.32,0.3,7.3,0.174,46,159,0.99519,3.18,0.49,9.4
"1199",6.4,0.105,0.29,1.1,0.035,44,140,0.99142,3.17,0.55,10.7
"1200",6.4,0.31,0.5,5.8,0.038,42,111,0.99189,3.18,0.53,11.9
"1201",6,0.35,0.46,0.9,0.033,9,65,0.98934,3.24,0.35,12.1
"1202",5.1,0.26,0.34,6.4,0.034,26,99,0.99449,3.23,0.41,9.2
"1203",6,0.17,0.3,7.3,0.039,39,104,0.99252,2.91,0.57,11
"1204",5.4,0.375,0.4,3.3,0.054,29,147,0.99482,3.42,0.52,9.1
"1205",7,0.17,0.42,1,0.075,19,71,0.99103,3.32,0.62,11.4
"1206",6.1,0.41,0.2,12.6,0.032,54,136,0.99516,2.91,0.43,10.6
"1207",6.8,0.23,0.48,1.5,0.036,35,165,0.99162,3.18,0.45,11.3
"1208",6,0.32,0.33,9.9,0.032,22,90,0.99258,3.1,0.43,12.1
"1209",5.8,0.29,0.27,1.6,0.062,17,140,0.99138,3.23,0.35,11.1
"1210",6.5,0.28,0.38,7.8,0.031,54,216,0.99154,3.03,0.42,13.1
"1211",5.2,0.405,0.15,1.45,0.038,10,44,0.99125,3.52,0.4,11.6
"1212",4.8,0.29,0.23,1.1,0.044,38,180,0.98924,3.28,0.34,11.9
"1213",5.1,0.3,0.3,2.3,0.048,40,150,0.98944,3.29,0.46,12.2
"1214",6.4,0.33,0.44,8.9,0.055,52,164,0.99488,3.1,0.48,9.6
"1215",5.2,0.25,0.23,1.4,0.047,20,77,0.99001,3.32,0.62,11.4
"1216",7.1,0.23,0.39,13.7,0.058,26,172,0.99755,2.9,0.46,9
"1217",7.5,0.38,0.33,9.2,0.043,19,116,0.99444,3.08,0.42,11.4
"1218",5.5,0.31,0.29,3,0.027,16,102,0.99067,3.23,0.56,11.2
"1219",6.2,0.36,0.32,4,0.036,44,92,0.98936,3.2,0.5,13.3
"1220",6.2,0.355,0.35,2,0.046,31,95,0.98822,3.06,0.46,13.6
"1221",6.1,0.32,0.28,6.6,0.021,29,132,0.99188,3.15,0.36,11.45
"1222",6.2,0.53,0.02,0.9,0.035,6,81,0.99234,3.24,0.35,9.5
"1223",4.9,0.47,0.17,1.9,0.035,60,148,0.98964,3.27,0.35,11.5
"1224",6.6,0.34,0.4,8.1,0.046,68,170,0.99494,3.15,0.5,9.55
"1225",5.5,0.29,0.3,1.1,0.022,20,110,0.98869,3.34,0.38,12.8
